collection,title,abstract,journal,year,paper_id,domain,group,doi,pmid,doi_clean,title_clean,match_type
review,Shellfish and Dinoflagellate Toxicity,"Oysters, clams, mussels, scallops, and, rarely, crustaceans, gastropods, and some fish may be contaminated by dinoflagellate or cyanobacteria toxins. Consumption of these marine food sources can cause poisoning, producing neurologic and gastrointestinal symptoms. The action sites of marine toxins include ion channels, kainate receptors, and protein phosphatases, which are crucial to nerve and muscle function. Disruption of these molecules' functions causes the symptoms observed in patients with shellfish toxicity. Shellfish poisoning may be classified into 4 clinical syndromes, depending on the specific etiology and clinical presentation: paralytic shellfish poisoning (PSP), neurotoxic shellfish poisoning (NSP), amnesic shellfish poisoning (ASP), and diarrheic shellfish poisoning (DSP). PSP is associated with saxitoxins. NSP is produced by brevetoxin. ASP is due to domoic acid ingestion. DSP is caused by okadaic acid. These toxins and their associated illnesses are related to harmful algal blooms.",StatPearls,2026,P172,dinoflagellate,test,,,,shellfish and dinoflagellate toxicity,not_found
detection,Rapid Detection of Saxitoxin Using a Nucleic Acid Aptamer Biosensor Based on Graphene Oxide as a Fluorescence Quencher,"Saxitoxin (STX) is a toxin with paralyzing and lethal properties, necessitating the development of a simple analytical method. This study developed a ...",Toxins,2025,P017,dinoflagellate,test,,,,rapid detection of saxitoxin using a nucleic acid aptamer biosensor based on graphene oxide as a fluorescence quencher,not_found
effect,"Paralytic Shellfish Toxins in Coastal Waters of Changdao Island (China): Toxin Profiles, Potential Producers, and Environmental Conditions","In recent decades, there have been frequent occurrences of paralytic shellfish toxin (PST) contamination in the Yellow and Bohai Seas, China. The waters around Changdao Island, situated at the convergence of these two seas, have suffered harmful algal blooms of Alexandrium spp., indicating a potential risk of PST contamination in shellfish. However, a systematic investigation and assessment of PSTs in this area is still lacking. The presence of PSTs in plankton concentrates and shellfish in coastal areas of Changdao Island was monitored from April to October 2022, using liquid chromatography-tandem mass spectrometry. The potential toxin-producing microalgae were analyzed, as were the environmental conditions associated with their occurrence. The highest levels of PSTs in plankton concentrates and shellfish were both observed in September, reaching levels of 105.8 ng STXeq./L and 114.7 ?g STXeq./kg, respectively. The main analogues were C1, C2, and GTX1-4. High-throughput analysis of the plankton concentrates identified eight species of Alexandrium, which are potential producers of PSTs. Sediment samples also revealed the presence of permanent cysts of Alexandrium. This research represents a significant advance in our understanding of the distribution and hypothetical sources of PSTs in the coastal waters of Changdao Island.",Marine Drugs,2025,P039,dinoflagellate,test,,,,paralytic shellfish toxins in coastal waters of changdao island china toxin profiles potential producers and environmental conditions,not_found
environmental,Multiple defense is an effective antipredator strategy in dinoflagellates,"Phytoplankton have evolved myriad defenses against predators; yet, studies that simultaneously test for defense fitness costs and benefits are rare. We tested for relative fitness costs and benefits of defense in the marine dinoflagellate Alexandrium catenella using a framework that relates growth rates of prey genotypes (strains) that differed in constitutive toxin production (low, moderate, and high) to predator (copepod) concentration. Our approach is based on a novel molecular technique that allows one to disentangle the effect of predation mortality from the cell growth reduction due to toxin production. Results show that the strain with the highest constitutive toxin production was the only one that expressed inducible toxin production-a strategy that paid off as its fitness benefit outweighed its cost. Surprisingly, the moderate toxin strain that derived the highest relative fitness benefit increased cell division rate (akin to compensatory growth) and decreased cell size, while keeping its volume-specific toxin production constant in response to predation. These results suggest an effective antipredator defense portfolio.",ISME communications,2025,P069,dinoflagellate,test,,,,multiple defense is an effective antipredator strategy in dinoflagellates,not_found
environmental,"Toxin production in bloom-forming, harmful alga Alexandrium pacificum (Group IV) is regulated by cyst formation-promoting bacteria Jannaschia cystaugens NBRC 100362T","Harmful algal blooms (HABs) caused by dinoflagellates like Alexandrium pacificum pose significant ecological and public health risks due to their production of paralytic shellfish toxins (PSTs). Bacterial populations, particularly Alexandrium cyst formation-promoting bacteria (Alex-CFPB), are known to significantly influence growth, encystment, toxin synthesis, the composition of toxic components, and bloom dynamics of these dinoflagellates. However, the role of Alex-CFPB in Alexandrium toxin synthesis and the mechanisms thereof are still unclear. Here, we show that co-culturing A. pacificum with cyst formation-promoting bacteria Jannaschia cystaugens significantly increases total intracellular PSTs content in the late stationary phase (including more cysts and less vegetable cells compared with axenic group). Our results demonstrate that the presence of J. cystaugens alters metabolic pathways in A. pacificum by upregulating key paralytic shellfish toxins synthesis genes and inducing downregulation of sulfotransferase sxtN (related to PSTs sulfation) which decreases sulfated PSTs components (low-toxicity), leading to an increase in high-toxicity PSTs content at a single-cell level. Furthermore, bacterial oxidative stress signals, nutrient competition, and quorum sensing contribute to increased toxin synthesis. These results provide insights into the major role of bacteria in modulating growth, physiology, and toxin production in bloom-forming algae, and the complex regulatory mechanisms therein. This study thus defines the critical function of microbial associations in bloom formation and toxin production with implications for managing HABs and mitigating their impacts.",Water Research,2025,P071,dinoflagellate,test,,,,toxin production in bloom forming harmful alga alexandrium pacificum group iv is regulated by cyst formation promoting bacteria jannaschia cystaugens nbrc 100362t,not_found
environmental,Environmental drivers and microbial interactions in harmful dinoflagellate blooms: Insights from metagenomics and machine learning,"Freshwater dinoflagellate blooms have become a global environmental challenge, particularly in highland lakes. This study investigated dinoflagellate blooms in Lake Erhai, China, using microscopy, 18S rRNA sequencing, and metagenomics. The dominant species was identified as a variant of Peridinium gatunense. While no significant diurnal vertical distribution was observed (p?>?0.05), geographic distribution varied significantly (p?<?0.05). Metagenomic analysis revealed that specific microbial communities in dinoflagellate-dense areas promote their growth through enhanced metabolic pathways, particularly in nitrogen cycling and organic matter decomposition. Areas with high dinoflagellate density showed significantly reduced antibiotic resistance genes. Among various machine learning models tested, the gradient boosting model achieved optimal performance (R² = 0.88), identifying transparency, pH, permanganate index, ammonia nitrogen, and Ceratium spp. as key environmental drivers. These findings suggest that dinoflagellate blooms in Lake Erhai result from complex interactions between environmental factors and microbial communities, providing valuable insights for monitoring and controlling harmful algal blooms in highland lakes.",Process Safety and Environmental Protection,2025,P112,dinoflagellate,test,,,,environmental drivers and microbial interactions in harmful dinoflagellate blooms insights from metagenomics and machine learning,not_found
policy_monitoring,ScillyHAB: A Multi-Disciplinary Survey of Harmful Marine Phytoplankton and Shellfish Toxins in the Isles of Scilly: Combining Citizen Science with State-of-the-Art Monitoring in an Isolated UK Island Territory,The Isles of Scilly are an archipelago of islands in the far southwest of the UK which contain numerous beds of wild bivalve molluscs which are recrea...,Marine Drugs,2025,P163,dinoflagellate,test,,,,scillyhab a multi disciplinary survey of harmful marine phytoplankton and shellfish toxins in the isles of scilly combining citizen science with state of the art monitoring in an isolated uk island territory,not_found
toxin_profile,"Paralytic Shellfish Toxins in Coastal Waters of Changdao Island (China): Toxin Profiles, Potential Producers, and Environmental Conditions","In recent decades, there have been frequent occurrences of paralytic shellfish toxin (PST) contamination in the Yellow and Bohai Seas, China. The waters around Changdao Island, situated at the convergence of these two seas, have suffered harmful algal blooms of Alexandrium spp., indicating a potential risk of PST contamination in shellfish. However, a systematic investigation and assessment of PSTs in this area is still lacking. The presence of PSTs in plankton concentrates and shellfish in coastal areas of Changdao Island was monitored from April to October 2022, using liquid chromatography-tandem mass spectrometry. The potential toxin-producing microalgae were analyzed, as were the environmental conditions associated with their occurrence. The highest levels of PSTs in plankton concentrates and shellfish were both observed in September, reaching levels of 105.8 ng STXeq./L and 114.7 ?g STXeq./kg, respectively. The main analogues were C1, C2, and GTX1-4. High-throughput analysis of the plankton concentrates identified eight species of Alexandrium, which are potential producers of PSTs. Sediment samples also revealed the presence of permanent cysts of Alexandrium. This research represents a significant advance in our understanding of the distribution and hypothetical sources of PSTs in the coastal waters of Changdao Island.",Marine Drugs,2025,P186,dinoflagellate,test,,,,paralytic shellfish toxins in coastal waters of changdao island china toxin profiles potential producers and environmental conditions,not_found
hab,"Phytoplankton and giant virus dynamics during different monsoon seasons, a fish kill, and a toxic bloom in a eutrophic mariculture area","Harmful algal blooms (HABs) pose a significant public health concern and can cause severe economic losses. In Bolinao, Philippines, intensive mariculture has led to diatom- or dinoflagellate-dominated HABs since the 2000s, raising risks of paralytic shellfish poisonings and fish kills. In the context of ongoing HAB monitoring and mitigation efforts, we investigated the phytoplankton and associated giant viruses during two seasons (Nov-Dec 2021 and Apr-May 2022). Our sampling encompassed a saxitoxin episode lasting 2.5 months (April-June 2022), and a fish kill (May 15-16, 2022). We used a low-cost flow-through camera (PlanktoScope) and 18S rRNA gene amplicon sequencing to identify the dominant phytoplankton. We detected the presence of Alexandrium sp., a known saxitoxin-producing alga, coincident with a toxin alert that resulted in a shellfish ban, even though it was not the dominant taxon. Using electron microscopy, we observed diverse morphologies of virus-like particles (VLPs), including giant icosahedral VLPs (~200 nm capsids). We assembled giant virus genomes from metagenomic data collected at different bloom phases. Phylogenetic and functional analyses suggest that the recovered genomes are primarily from viruses in the orders Imitervirales and Algavirales, encoding diverse auxiliary metabolic genes involved in nutrient transport and carbohydrate metabolism. The diversity and spatiotemporal dynamics of plankton and their viruses described in this study contributed to our understanding of the broader microbial context of HABs. Importance HABs are widespread phenomena that can be detrimental to livelihoods and health in coastal communities. Understanding what drives their formation, maintenance, and crash could aid in predicting, and potentially alleviating these events. Here, we report on the diversity and temporal dynamics of phytoplankton and giant viruses during a HAB event. Our findings revealed a diverse array of giant viruses belonging to thirteen families in a eutrophic coastal environment. We found evidence of associations between several phytoplankton-giant virus pairs and found a temporal/seasonal influence on phytoplankton-giant virus community structure. While future research is needed to establish definitive links between the giant viruses and HABs species succession, this study lays the groundwork for future mechanistic studies.",,2025,P219,dinoflagellate,test,,,,phytoplankton and giant virus dynamics during different monsoon seasons a fish kill and a toxic bloom in a eutrophic mariculture area,not_found
detection,Advances in Biosensors for the Rapid Detection of Marine Biotoxins: Current Status and Future Perspectives,"Marine biotoxins (MBs), harmful metabolites of marine organisms, pose a significant threat to marine ecosystems and human health due to their diverse composition and widespread occurrence. Consequently, rapid and efficient detection technology is crucial for maintaining marine ecosystem and human health. In recent years, rapid detection technology has garnered considerable attention for its pivotal role in identifying MBs, with advancements in sensitivity, specificity, and accuracy. These technologies offer attributes such as speed, high throughput, and automation, thereby meeting detection requirements across various scenarios. This review provides an overview of the classification and risks associated with MBs. It briefly outlines the current research status of marine biotoxin biosensors and introduces the fundamental principles, advantages, and limitations of optical, electrochemical, and piezoelectric biosensors. Additionally, the review explores the current applications in the detection of MBs and presents forward-looking perspectives on their development, which aims to be a comprehensive resource for the design and implementation of tailored biosensors for effective MB detection.",Biosensors,2024,P019,dinoflagellate,test,,,,advances in biosensors for the rapid detection of marine biotoxins current status and future perspectives,not_found
hab,Marine phycotoxin levels in shellfish-14 years of data gathered along the Italian coast,"Along the Italian coasts, toxins of algal origin in wild and cultivated shellfish have been reported since the 1970s. In this study, we used data gathered by the Veterinary Public Health Institutes (IZS) and the Italian Environmental Health Protection Agencies (ARPA) from 2006 to 2019 to investigate toxicity events along the Italian coasts and relate them to the distribution of potentially toxic species. Among the detected toxins (OA and analogs, YTXs, PTXs, STXs, DAs, AZAs), OA and YTX were those most frequently reported. Levels exceeding regulatory limits in the case of OA (?2,448 ?g equivalent kg-1) were associated with high abundances of Dinophysis spp., and in the case of YTXs (?22 mg equivalent kg-1) with blooms of Gonyaulax spinifera, Lingulodinium polyedra, and Protoceratium reticulatum. Seasonal blooms of Pseudo-nitzschia spp. occur all along the Italian coast, but DA has only occasionally been detected in shellfish at concentrations always below the regulatory limit (?18 mg kg-1). Alexandrium spp. were recorded in several areas, although STXs (?13,782 µg equivalent kg-1) rarely and only in few sites exceeded the regulatory limit in shellfish. Azadinium spp. have been sporadically recorded, and AZAs have been sometimes detected but always in low concentrations (?7 µg equivalent kg-1). Among the emerging toxins, PLTX-like toxins (?971 ?g kg-1 OVTX-a) have often been detected mainly in wild mussels and sea urchins from rocky shores due to the presence of Ostreopsis cf. ovata. Overall, Italian coastal waters harbour a high number of potentially toxic species, with a few HAB hotspots mainly related to DSP toxins. Nevertheless, rare cases of intoxications have occurred so far, reflecting the whole Mediterranean Sea conditions.",Harmful Algae,2024,P224,dinoflagellate,test,,,,marine phycotoxin levels in shellfish 14 years of data gathered along the italian coast,not_found
detection,Aptamer Sensor Based on Hybrid Chain Reaction and CRISPR-Cas9 System for STX Detection,"In recent years, pollution incidents caused by red tide occur frequently, and the red tide biotoxins brought by it make the food safety problem of sea...",Chemosensors,2023,P018,dinoflagellate,test,,,,aptamer sensor based on hybrid chain reaction and crispr cas9 system for stx detection,not_found
policy_monitoring,"Ensemble Machine Learning of Gradient Boosting (XGBoost, LightGBM, CatBoost) and Attention-Based CNN-LSTM for Harmful Algal Blooms Forecasting",Harmful algal blooms (HABs) are a serious threat to ecosystems and human health. The accurate prediction of HABs is crucial for their proactive prepar...,Toxins,2023,P164,dinoflagellate,test,,,,ensemble machine learning of gradient boosting xgboost lightgbm catboost and attention based cnn lstm for harmful algal blooms forecasting,not_found
detection,Identification of paralytic shellfish toxin-producing microalgae using machine learning and deep learning methods,"Paralytic shellfish poisoning (PSP) microalgae, as one of the harmful algal blooms, causes great damage to the offshore fishery, marine culture, and marine ecological environment. At present, there is no technique for real-time accurate identification of toxic microalgae, by combining three-dimensional fluorescence with machine learning (ML) and deep learning (DL), we developed methods to classify the PSP and non-PSP microalgae. The average classification accuracies of these two methods for microalgae are above 90%, and the accuracies for discriminating 12 microalgae species in PSP and non-PSP microalgae are above 94%. When the emission wavelength is 650690 nm, the fluorescence characteristics bands (excitation wavelength) occur differently at 410180 nm and 500560 nm for PSP and non-PSP microalgae, respectively. The identification accuracies of ML models (support vector machine (SVM), and k-nearest neighbor rule (k-NN)), and DL model (convolutional neural network (CNN)) to PSP microalgae are 96.25%, 96.36%, and 95.88% respectively, indicating that ML and DL are suitable for the classification of toxic microalgae.",Journal of Oceanology and Limnology,2022,P036,dinoflagellate,test,,,,identification of paralytic shellfish toxin producing microalgae using machine learning and deep learning methods,not_found
effect,Toxin Profile of Two Gymnodinium catenatum Strains from Iberian Coastal Waters,"Gymnodinium catenatum has been the main species responsible for paralytic shellfish poisoning events along the Portuguese coast (Iberian Peninsula), causing bans on bivalve harvesting that result in huge economic losses. This work presents the characterization of two novel isolates of G. catenatum regarding their growth and toxin profiles. Laboratory growth experiments revealed that, although low growth rates were obtained during cultivation, the cell yields were high compared to those reported in the literature. Evaluation of the toxin profiles, by HPLC-FLD, essentially confirmed the typical composition of toxins of this regional population (Iberian Peninsula), namely, the absence or low representation of the toxins dcNEO, GTX1,4 and NEO and a higher ratio of the toxins C1,2, GTX6 and GTX5. However, the percentage of the identified toxins varied among the strains of this study (under the same isolation, growth, and analysis conditions), and also differed from that of other strains described in the literature. Interestingly, we found a comparatively high abundance of dcSTX in both strains, relative to the other toxins, and an unquantifiable amount of C3,4 toxins. In addition to the geographic relationship between toxin profiles, chemical conversions among toxins may explain some differences encountered in the toxin profiles of G. catenatum strains.",Toxins,2022,P037,dinoflagellate,test,,,,toxin profile of two gymnodinium catenatum strains from iberian coastal waters,not_found
effect,Toxin production of dinoflagellate Gymnodinium catenatum isolated from the East China Sea,"Dinoflagellate Gymnodinium catenatum is an important producer of paralytic shellfish toxins (PSTs), including a novel group of hydroxybenzoate derivatives named GC toxins. In the East China Sea, G. catenatum has been considered as the causative agent for several paralytic shellfish poisoning (PSP) episodes, yet the knowledge on their toxin production was still quite limited. In this study, toxins produced by a strain of G. catenatum (MEL11) isolated from the East China Sea were determined, using high performance liquid chromatography coupled with tandem mass spectrometry (HPLC-MS/MS). Changes of toxin profile in the stain MEL11 in response to nutrient and temperature variations were also examined. A total of 11 PST components dominated by hydroxybenzoate analogs and N-sulfocarbamoyl toxins were detected, which was different from other G. catenatum strains previously established in the East China Sea in the presence of GC5 and the lack of dcGTX2&3. Cellular toxin composition and content of the strain had no apparent change within a range of temperature from 20°C to 26°C. In contrast, nutrient limitation and nitrogen source had notable impacts on toxin production. The molar percentage of GC toxins decreased remarkably at the stationary growth phase under nutrient-deprived conditions of both nitrogen (N) and phosphorus (P). The replacement of nitrate with ammonium as the source of N significantly promoted PST production by G. catenatum. The study revealed the potential diversity of toxin profiles of G. catenatum in the East China Sea, and highlighted the effects of nutrients on production of GC toxins by G. catenatum.",Harmful Algae,2022,P038,dinoflagellate,test,,,,toxin production of dinoflagellate gymnodinium catenatum isolated from the east china sea,not_found
policy_monitoring,Progress on the investigation and monitoring of marine phycotoxins in China,"Marine phycotoxins associated with paralytic shellfish poisoning (PSP), diarrhetic shellfish poisoning (DSP), amnesic shellfish poisoning (ASP), neurotoxic shellfish poisoning (NSP), ciguatera fish poisoning (CFP), tetrodotoxin (TTX), palytoxin (PLTX) and neurotoxin ?-N-methylamino-L-alanine (BMAA) have been investigated and routinely monitored along the coast of China. The mouse bioassay for monitoring of marine toxins has been progressively replaced by the enzyme-linked immunosorbent assay (ELISA) and liquid chromatography tandem mass spectrometry (LC-MS/MS), which led to the discovery of many new hydrophilic and lipophilic marine toxins. PSP toxins have been detected in the whole of coastal waters of China, where they are the most serious marine toxins. PSP events in the Northern Yellow Sea, the Bohai Sea and the East China Sea are a cause of severe public health concern. Okadaic acid (OA) and dinophysistoxin-1 (DTX1), which are major toxin components associated with DSP, were mainly found in coastal waters of Zhejiang and Fujian provinces, and other lipophilic toxins, such as pectenotoxins, yessotoxins, azaspiracids, cyclic imines, and dinophysistoxin-2(DTX2) were detected in bivalves, seawater, sediment, as well as phytoplankton. CFP events mainly occurred in the South China Sea, while TTX events mainly occurred in Jiangsu, Zhejiang and Fujian provinces. Microalgae that produce PLTX and BMAA were found in the phytoplankton community along the coastal waters of China.",Harmful Algae,2022,P158,dinoflagellate,test,,,,progress on the investigation and monitoring of marine phycotoxins in china,not_found
toxin_profile,Toxin Profile of Two Gymnodinium catenatum Strains from Iberian Coastal Waters,"Gymnodinium catenatum has been the main species responsible for paralytic shellfish poisoning events along the Portuguese coast (Iberian Peninsula), causing bans on bivalve harvesting that result in huge economic losses. This work presents the characterization of two novel isolates of G. catenatum regarding their growth and toxin profiles. Laboratory growth experiments revealed that, although low growth rates were obtained during cultivation, the cell yields were high compared to those reported in the literature. Evaluation of the toxin profiles, by HPLC-FLD, essentially confirmed the typical composition of toxins of this regional population (Iberian Peninsula), namely, the absence or low representation of the toxins dcNEO, GTX1,4 and NEO and a higher ratio of the toxins C1,2, GTX6 and GTX5. However, the percentage of the identified toxins varied among the strains of this study (under the same isolation, growth, and analysis conditions), and also differed from that of other strains described in the literature. Interestingly, we found a comparatively high abundance of dcSTX in both strains, relative to the other toxins, and an unquantifiable amount of C3,4 toxins. In addition to the geographic relationship between toxin profiles, chemical conversions among toxins may explain some differences encountered in the toxin profiles of G. catenatum strains.",Toxins,2022,P184,dinoflagellate,test,,,,toxin profile of two gymnodinium catenatum strains from iberian coastal waters,not_found
toxin_profile,Toxin production of dinoflagellate Gymnodinium catenatum isolated from the East China Sea,"Dinoflagellate Gymnodinium catenatum is an important producer of paralytic shellfish toxins (PSTs), including a novel group of hydroxybenzoate derivatives named GC toxins. In the East China Sea, G. catenatum has been considered as the causative agent for several paralytic shellfish poisoning (PSP) episodes, yet the knowledge on their toxin production was still quite limited. In this study, toxins produced by a strain of G. catenatum (MEL11) isolated from the East China Sea were determined, using high performance liquid chromatography coupled with tandem mass spectrometry (HPLC-MS/MS). Changes of toxin profile in the stain MEL11 in response to nutrient and temperature variations were also examined. A total of 11 PST components dominated by hydroxybenzoate analogs and N-sulfocarbamoyl toxins were detected, which was different from other G. catenatum strains previously established in the East China Sea in the presence of GC5 and the lack of dcGTX2&3. Cellular toxin composition and content of the strain had no apparent change within a range of temperature from 20°C to 26°C. In contrast, nutrient limitation and nitrogen source had notable impacts on toxin production. The molar percentage of GC toxins decreased remarkably at the stationary growth phase under nutrient-deprived conditions of both nitrogen (N) and phosphorus (P). The replacement of nitrate with ammonium as the source of N significantly promoted PST production by G. catenatum. The study revealed the potential diversity of toxin profiles of G. catenatum in the East China Sea, and highlighted the effects of nutrients on production of GC toxins by G. catenatum.",Harmful Algae,2022,P185,dinoflagellate,test,,,,toxin production of dinoflagellate gymnodinium catenatum isolated from the east china sea,not_found
hab,"An investigation on bloom dynamics of Alexandrium catenella and A. pacificum and toxin accumulation in shellfish along the coast of Qinhuangdao, China","The dinoflagellate genus Alexandrium comprises most of the toxic bloom-forming species producing paralytic shellfish toxins (PSTs) in the sea. Recently, repeated paralytic shellfish poisoning episodes have been recorded in Qinhuangdao located at the west coast of the Bohai Sea. To elucidate the relationship between toxic Alexandrium blooms and the poisoning episodes, a year-round investigation was carried out in this region from July 2020 to July 2021. Two qPCR assays were used to detect A. catenella and A. pacificum, and LC-MS/MS was applied to analyze PSTs in phytoplankton and shellfish samples. The blooms of A. catenella and A. pacificum were found in April and July, respectively, and PST content in three bivalves exhibited notable increase following the bloom of A. catenella. The results revealed bloom dynamics of the two toxic Alexandrium species in the Bohai Sea for the first time, and further confirmed A. catenella as the causative agent of poisoning episodes.",Marine Pollution Bulletin,2022,P232,dinoflagellate,test,,,,an investigation on bloom dynamics of alexandrium catenella and a pacificum and toxin accumulation in shellfish along the coast of qinhuangdao china,not_found
hab,Emerging harmful algal bloom species over the last four decades in China,"The first recorded micro-algae bloom in Chinese coastal waters dates back to 1933 and was caused by a mixture of Noctiluca scintillans and Skeletonema costatum sensu lato along the Zhejiang coast (the East China Sea). While well-documented harmful algal blooms (HABs) appeared to be extremely scarce from the 1950s to 1990, both the frequency and intensity have been reportedly increasing since 1990. Among them, the fish-killing HABs, mainly caused by Karenia mikimotoi, Karlodinium digitatum, Karlodinium veneficum, Margalefidinium polykrikoides, and Heterocapsa spp., have intensified. Karenia mikimotoi was responsible for at least two extremely serious events in the Pearl River Estuary in 1998 and the Taiwan Strait (in the East China Sea) in 2012, which appeared to be associated with abnormal climate conditions and excessive nutrients loading. Other major toxic algal blooms have been caused by the species responsible for paralytic shellfish poisoning (including Alexandrium catenella, Alexandrium pacificum, Gymnodinium catenatum) and diarrhetic shellfish poisoning (including Dinophysis spp., and a couple of benthic dinoflagellates). Consequent closures of shellfish farms have resulted in enormous economic losses, while consumption of contaminated shellfish has led to occasional human mortality in the Bohai Sea and the East China Sea. Expansions of these HABs species along the coastline of China have occurred over the last four decades and, due to the projected global changes in the climate and marine environments and other anthropological activities, there is potential for the emergence of new types of HABs in China in the future. This literature review aimed to present an updated overview of HABs species over the last four decades in China.",Harmful Algae,2022,P233,dinoflagellate,test,,,,emerging harmful algal bloom species over the last four decades in china,not_found
policy_monitoring,LSTM Networks to Improve the Prediction of Harmful Algal Blooms in the West Coast of Sabah,"Harmful algal bloom (HAB) events have alarmed authorities of human health that have caused severe illness and fatalities, death of marine organisms, a...",International Journal of Environmental Research and Public Health,2021,P165,dinoflagellate,test,,,,lstm networks to improve the prediction of harmful algal blooms in the west coast of sabah,not_found
detection,Artificial intelligence applied to the production of high-added-value dinoflagellates toxins,"Trade in high-value-added toxins for therapeutic and biological use is expanding. These toxins are generally derived from microalgae belonging to the dinoflagellate family. Due to the difficulties to grow these sensitive planktonic species and to the complexity of methods used to synthesize these molecules, which are generally complex chemical structures, biotoxin manufacturers called on artificial intelligence technologies. Manufacturing processes have been greatly improved through the development of specific learning neural networks, applied to each phases of biotoxin production: photo-bioreactors operating at optimal yied; new chemical synthesis research processes; toxin biosynthetic research pathways offering short-cut possibilities.",AI & SOCIETY,2020,P035,dinoflagellate,test,,,,artificial intelligence applied to the production of high added value dinoflagellates toxins,not_found
mechanisms,Metabolomic study of saxitoxin analogues and biosynthetic intermediates in dinoflagellates using 15N-labelled sodium nitrate as a nitrogen source,"A stable-isotope-labelling method using 15N-labelled sodium nitrate as a nitrogen source was developed for the toxic dinoflagellate Alexandrium catenella. The labelled saxitoxin analogues (STXs), their precursor, and the biosynthetic intermediates were analyzed by column-switching high-resolution hydrophilic interaction liquid chromatography with mass spectrometry. The low contents on Day 0, high 15N incorporation % of Int-C'2 and Int-E' suggested that their turn-over rates are high and that the sizes of the pool of these compounds are smaller than those of the other intermediates. The experimentally determined isotopomer distributions showed that arginine, Int-C'2, 11-hydroxy-Int-C'2, Int-E', GTX5, GTX4, C1, and C2, each existed as a combination of three populations that consisted of the non-labelled molecules and the labelled isotopomers representing molecules newly synthesized by incorporation of 15N assimilated from the medium with two different incorporation rates. The order of 15N incorporation % values of the labelled populations predicted by this model largely agreed with the proposed biosynthetic route. The stable-isotope-labelling method will be useful for understanding the complex mechanism of nitrogen flux in STX-producing dinoflagellates.",Scientific Reports,2019,P136,dinoflagellate,test,,,,metabolomic study of saxitoxin analogues and biosynthetic intermediates in dinoflagellates using 15n labelled sodium nitrate as a nitrogen source,not_found
review,The Genetic Basis of Toxin Biosynthesis in Dinoflagellates,"In marine ecosystems, dinoflagellates can become highly abundant and even dominant at times, despite their comparatively slow growth rates. One factor that may play a role in their ecological success is the production of complex secondary metabolite compounds that can have anti-predator, allelopathic, or other toxic effects on marine organisms, and also cause seafood poisoning in humans. Our knowledge about the genes involved in toxin biosynthesis in dinoflagellates is currently limited due to the complex genomic features of these organisms. Most recently, the sequencing of dinoflagellate transcriptomes has provided us with valuable insights into the biosynthesis of polyketide and alkaloid-based toxin molecules in dinoflagellate species. This review synthesizes the recent progress that has been made in understanding the evolution, biosynthetic pathways, and gene regulation in dinoflagellates with the aid of transcriptomic and other molecular genetic tools, and provides a pathway for future studies of dinoflagellates in this exciting omics era.",Microorganisms,2019,P183,dinoflagellate,test,,,,the genetic basis of toxin biosynthesis in dinoflagellates,not_found
detection,Receptor binding assay for the detection of paralytic shellfish poisoning toxins: comparison to the mouse bioassay and applicability under regulatory use,"The receptor-binding assay (RBA) method for the detection of paralytic shellfish poisoning (PSP) toxins was evaluated for its overall performance in comparison with the mouse bioassay (MBA). An initial study to evaluate the effects of filtering shellfish extracts prior to running the RBA indicated no significant difference between filtered and unfiltered extracts on the determined saxitoxin (STX) concentrations. Next, we tested the RBA assay on 295 naturally contaminated mussel tissue samples, ranging in concentrations from 320 µg STX equiv. kg-1 to 13,000 µg STX equiv. kg-1 by MBA. An overall trend was observed with the RBA giving higher results (256 µg STX equiv. kg-1 on average) than the MBA; however, at low concentrations (< 500 µg STX equiv. kg-1) the RBA results were marginally lower. A third study was conducted using spiked mussel tissue analysed by three independent laboratories, two of which performed the RBA and one the MBA. This multi-laboratory study again showed the RBA to give higher results than the MBA; however, it also revealed that STX determination was accurate by the RBA, unlike the MBA. To optimise the assay for efficient usage under regulatory practice, three suggestions have been made: the use of an initial screening plate to separate those samples that exceed the alert level; use of rapid PSP test kits in the field and in the laboratory for screening negative samples and for early detection of toxicity; and use of an alternate commercially available porcine membrane in place of the laboratory-prepared rat membrane homogenate. The large number of samples analysed and the diversity of the tests conducted in this study further support the RBA as an affordable rapid method for STX detection that is also free of the routine sacrifice of live animals.","Food Additives & Contaminants. Part A, Chemistry, Analysis, Control, Exposure & Risk Assessment",2018,P026,dinoflagellate,test,,,,receptor binding assay for the detection of paralytic shellfish poisoning toxins comparison to the mouse bioassay and applicability under regulatory use,not_found
detection,Using the radioligand-receptor binding assay for paralytic shellfish toxins: A case study on shellfish from Morocco,"Paralytic shellfish poisoning (PSP) events occur regularly along the Mediterranean and Atlantic coast of Morocco, and have been responsible for several severe cases of human intoxication. Along the southern Atlantic coast of Morocco, aquaculture and intensive artisanal fishing practices have recently been particularly heavily impacted, and toxic species have been observed in increasing intensity and frequency. In the 1990's a regulatory monitoring program was established for the coastal waters off Morocco by the National Institute of Fisheries Research (INRH), to reduce the risk of intoxication with biotoxins. The regulatory monitoring is conducted weekly and includes toxic phytoplankton enumeration and identification, as well as saxitoxin (STX) analysis in seafood using the mouse bioassay (MBA). Animal testing remains the most widely used screening method for PSP toxin detection, yet its use is being reconsidered for animal-related ethical issues, as well as for practical considerations. To be able to better evaluate alternatives to animal testing, the performance of a nuclear-based radioligand-receptor binding assay (RBA) for paralytic shellfish toxins was assessed and compared with the MBA using four commercially important shellfish matrices, including cockles Cerastoderma edule, razor shells Solen marginatus, oysters Crassostrea gigas, and mussels Perna perna. Over 50 samples were collected and analysed as part of the regulatory monitoring framework including a suite of monthly samples from 2017 and all samples identified as toxic by MBA since 2011. Testing of reference material and evaluation of assay-critical parameters (e.g. slope of calibration curve, internal quality control QC and IC50) confirmed the robustness of the RBA methodology. With this RBA method, STX-like activity detected in shellfish samples ranged from 33 to 8500??g STX equivalents per kg. RBA data were significantly correlated (P?<?0.0001, Pearson r?=?0.96) with the MBA-derived dataset. Importantly, the RBA method allowed for the detection and quantification of PSP toxins at levels not detectable by using the mouse bioassay. The limits of quantification of the RBA was calculated and found to be 10-fold lower than that of the MBA, respectively 35.24?±?5.99 and 325??g STX equivalents per kg of tissue. In addition, the RBA was easier to use and produced reliable results more rapidly than the MBA and without use of live animals. Considering the increasing risks associated with harmful algal blooms, globally and in Morocco, together with the increased development of aquaculture production and seafood consumption and the difficulties of live animal testing, these findings indicate that the RBA method is a reliable and effective alternative to the MBA method.",Journal of Environmental Radioactivity,2018,P027,dinoflagellate,test,,,,using the radioligand receptor binding assay for paralytic shellfish toxins a case study on shellfish from morocco,not_found
environmental,Impact of nitrogen chemical form on the isotope signature and toxicity of a marine dinoflagellate,"Despite a global interest in the relationship between harmful algal blooms (HABs) and eutrophication, the impact of natural versus anthropogenic nutrient sources on species composition or toxicity of HABs remains unclear. Stable isotopes are used to identify and track nitrogen (N) sources to water bodies, and thus can be used to ascertain the N source(s) used by the phytoplankton in those systems. To focus this tool for a particular species, the fundamental patterns of N isotope fractionation by that organism must first be understood. While literature is available describing N isotope fractionation by diatoms and coccolithophores, data are lacking regarding dinoflagellates. Here we investigated the effects of N chemical form on isotope fractionation (?) and toxin content using isolates of the autotrophic dinoflagellate, Alexandrium catenella, in single-N and mixed-N experiments. Growth of A. catenella exclusively on nitrate (NO3 -), ammonium (NH4 +), or urea, resulted in ? of 2.7±1.4, 29±9.3, or 0.3±0.1, respectively, with the lowest cellular toxicity reported during urea utilization. Cells initially utilized NH4 + and urea when exposed to mixed-N medium, and only utilized NO3 - after NH4 + decreased below 2-4 ?M. This pattern of N preference was similar across all N treatments, suggesting that there is no effect of preconditioning on N chemical preference by A. catenella. In NO3 - and urea-rich environments, the ?15N of Alexandrium catenella would resemble the source(s) of N utilized, supporting this tool's utility as a tracer of N source(s) facilitating bloom formation, however, caution is advisable in NH4 + rich environments where the large ? value could lead to misinterpretation of the signal.",Marine Ecology Progress Series,2018,P091,dinoflagellate,test,,,,impact of nitrogen chemical form on the isotope signature and toxicity of a marine dinoflagellate,not_found
mechanisms,Whole Transcriptomic Analysis Provides Insights into Molecular Mechanisms for Toxin Biosynthesis in a Toxic Dinoflagellate Alexandrium catenella (ACHK-T),"Paralytic shellfish toxins (PSTs), a group of neurotoxic alkaloids, are the most potent biotoxins for aquatic ecosystems and human health. Marine dino...",Toxins,2017,P141,dinoflagellate,test,,,,whole transcriptomic analysis provides insights into molecular mechanisms for toxin biosynthesis in a toxic dinoflagellate alexandrium catenella achk t,not_found
hab,"Which species, Alexandrium catenella (Group I) or A. pacificum (Group IV), is really responsible for past paralytic shellfish poisoning outbreaks in Jinhae-Masan Bay, Korea?","Paralytic shellfish poisoning (PSP) caused the deaths of four people in coastal area of Korea, mainly Jinhae-Masan Bay and adjacent areas, in April 1986 and in 1996. The PSP outbreaks were caused by the consumption of mussels, Mytilus edulis. The organism that caused PSP was identified, from morphological data only, as Alexandrium tamarense which is recently renamed as A. catenella, however recent studies have shown that the morphological diagnostic characteristics used to identify Alexandrium species have uncertainties and molecular tools and other criteria should be considered as well. The organism that caused past PSP outbreaks and incidents in Korea therefore need to be carefully reconsidered. The aim of this study was to re-evaluate the species really responsible for past outbreaks of PSP in Jinhae-Masan Bay, Korea. The temporal production and fluxes of the resting cysts of Alexandrium species were investigated for one year (from March 2011 to February 2012) using a sediment trap, and the morphology and phylogeny of vegetative cells germinated from the resting cysts were analysed. The production of Alexandrium species peaked in August and November, when temporal discrepancies were found in the water temperature (22.4 and 22.7°C in August, 19.1 and 19.6°C in November) and salinity (29.5 and 26.1 psu in August, 30.5 and 31.8 psu in November). The morphological data revealed that Alexandrium species germinated from resting cysts collected in August have a ventral pore on the 1' plate, whereas the 1' plate in Alexandrium species germinated from resting cysts collected in November lacks a ventral pore. Molecular phylogenetic data for the vegetative cells from the germination experiments allowed the August and November peaks to be assigned to Alexandrium catenella (Group I) and A. pacificum (Group IV), respectively. This indicates that the production of resting cysts of A. catenella can be enhanced by relatively high water temperature. This result is not consistent with those of previous studies that A. catenella responsible for PSP outbreaks was found at relatively low water temperature. In addition, large subunit ribosomal sequences data revealed that A. pacificum isolates from Korea were closely related to those from Australia, Japan and New Zealand where the PSP toxicity of shellfish and blooms occurred in the 1990s, indicating that the introduction of toxic dinoflagellates were related to ballast water from bulk-cargo shipping. Based on these results, we concluded that past PSP outbreaks in Jinhae-Masan Bay of Korea could have been caused by A. pacificum rather than by A. catenella.",Harmful Algae,2017,P236,dinoflagellate,test,,,,which species alexandrium catenella group i or a pacificum group iv is really responsible for past paralytic shellfish poisoning outbreaks in jinhae masan bay korea,not_found
detection,Liquid Chromatography with a Fluorimetric Detection Method for Analysis of Paralytic Shellfish Toxins and Tetrodotoxin Based on a Porous Graphitic Carbon Column,"Paralytic shellfish toxins (PST) traditionally have been analyzed by liquid chromatography with either pre- or post-column derivatization and always with a silica-based stationary phase. This technique resulted in different methods that need more than one run to analyze the toxins. Furthermore, tetrodotoxin (TTX) was recently found in bivalves of northward locations in Europe due to climate change, so it is important to analyze it along with PST because their signs of toxicity are similar in the bioassay. The methods described here detail a new approach to eliminate different runs, by using a new porous graphitic carbon stationary phase. Firstly we describe the separation of 13 PST that belong to different groups, taking into account the side-chains of substituents, in one single run of less than 30 min with good reproducibility. The method was assayed in four shellfish matrices: mussel (Mytillus galloprovincialis), clam (Pecten maximus), scallop (Ruditapes decussatus) and oyster (Ostrea edulis). The results for all of the parameters studied are provided, and the detection limits for the majority of toxins were improved with regard to previous liquid chromatography methods: the lowest values were those for decarbamoyl-gonyautoxin 2 (dcGTX2) and gonyautoxin 2 (GTX2) in mussel (0.0001 mg saxitoxin (STX)·diHCl kg(-1) for each toxin), decarbamoyl-saxitoxin (dcSTX) in clam (0.0003 mg STX·diHCl kg(-1)), N-sulfocarbamoyl-gonyautoxins 2 and 3 (C1 and C2) in scallop (0.0001 mg STX·diHCl kg(-1) for each toxin) and dcSTX (0.0003 mg STX·diHCl kg(-1) ) in oyster; gonyautoxin 2 (GTX2) showed the highest limit of detection in oyster (0.0366 mg STX·diHCl kg(-1)). Secondly, we propose a modification of the method for the simultaneous analysis of PST and TTX, with some minor changes in the solvent gradient, although the detection limit for TTX does not allow its use nowadays for regulatory purposes.",Toxins,2016,P029,dinoflagellate,test,,,,liquid chromatography with a fluorimetric detection method for analysis of paralytic shellfish toxins and tetrodotoxin based on a porous graphitic carbon column,not_found
effect,Analysis of paralytic shellfish toxins and their metabolites in shellfish from the North Yellow Sea of China,"Samples of toxic scallop (Patinopecten yessoensis) and clam (Saxidomus purpuratus) collected on the northern coast of China from 2008 to 2009 were analysed. High-performance liquid chromatography with post-column oxidation and fluorescence detection was used to determine the profile of the main paralytic shellfish poisoning (PSP) toxins in these samples and their total toxicity. Hydrophilic interaction liquid ion chromatography with mass spectrometric detection confirmed the toxin profile and detected several metabolites in the shellfish. Results show that C1/2 toxins were the most dominant toxins in the scallop and clam samples. However, GTX1/4 and GTX2/3 were also present. M1 was the predominant metabolite in all the samples, but M3 and M5 were also identified, along with three previously unreported presumed metabolites, M6, M8 and M10. The results indicate that the biotransformation of toxins was species specific. It was concluded that the reductive enzyme in clams is more active than in scallops and that an enzyme in scallops is more apt to catalyse hydrolysis of both the sulfonate moiety at the N-sulfocabamoyl of C toxins and the 11-hydroxysulfate of C and GTX toxins to produce metabolites. This is the first report of new metabolites of PSP toxins in scallops and clams collected in China.","Food Additives & Contaminants. Part A, Chemistry, Analysis, Control, Exposure & Risk Assessment",2012,P050,dinoflagellate,train,,,,analysis of paralytic shellfish toxins and their metabolites in shellfish from the north yellow sea of china,not_found
environmental,Effects of different nitrate and phosphate concentrations on the growth and toxin production of an Alexandrium tamarense strain collected from Drake Passage,"Nitrate (N) and phosphate (P) are believed to be two of the most important nutrients for the growth and toxin production for Alexandrium species. The study of the growth and toxicity characteristics of the Alexandrium spp. under the change of N and P can help us to understand the dynamics of algal bloom and toxification events in natural environments. A strain of Alexandrium tamarense (designated as Kci) was successfully isolated from the Drake Passage in 2001 and the clonal culture has been kept in our laboratory (Ho et al., 2003, 2012). In order to extend our understanding on the growth physiology and toxicity of this A. tamarense strain, growth and cellular toxin content were examined in unialgal batch cultures under different concentrations of N and P. The effects of variable N, P concentrations on growth, cellular toxicity (fg STXeq. cell(-1)), and toxin composition (% molar) were determined in both exponential and stationary growth phases. The toxin profile, determined by high-performance liquid chromatography with fluorescence detection (HPLC-FD), was found to be remained relatively stable and was consistently dominated by the N-sulfocarbamoyl C-toxins (>90%) under different conditions and growth phases. There were also trace amounts of other carbamate gonyautoxins consistently expressed. The cellular toxicity varied under different N and P concentrations, as well as different growth stages. A positive correlation was observed between cellular toxicity and N concentrations, but the toxicity was enhanced when P was depleted. Both cell densities and growth rate of the cells were severely suppressed under N- or P-depletion. However, the biovolume of the cells tended to be larger at N- or P-depleted cultures. Results from the present study provide valuable insight for the ecophysiology of Alexandrium species in the coastal ecosystem of Drake Passage.",Marine Environmental Research,2012,P110,dinoflagellate,train,,,,effects of different nitrate and phosphate concentrations on the growth and toxin production of an alexandrium tamarense strain collected from drake passage,not_found
policy_monitoring,Monitoring phytoplankton and marine biotoxins in production waters of the Netherlands: results after one decade,"Shellfish products may be contaminated with marine biotoxins which, after consumption, may lead to human illness. The Netherlands has a regular monitoring programme for marine biotoxins and the possible toxic phytoplankton in shellfish production waters. The aim of the current study was to evaluate the presence of potential toxic phytoplankton species and marine biotoxins in Dutch production waters over the last decade, and to analyse the relationship between toxin levels and abundance of possible causative phytoplankton species. The results of the monitoring programme of the period 1999-2009 were used. The presence of Alexandrium spp. were negligible, but Pseudo-nitzschia spp. and phytoplankton causing diarrhetic shellfish poisoning (DSP toxin-producing phytoplankton) were present in nearly all three main production areas and years. The main DSP toxin-producing species was Dinophysis acuminata followed by D. rotundata and Prorocentrum lima. Toxins causing paralytic shellfish poisoning (PSP) and amnesic shellfish poisoning (ASP) were present in only a few individual shellfish samples, all at low levels. At the end of 2002, an episode of DSP toxicity was recorded, based on the rat bioassay results. Of the samples that were chemically analysed for DSP toxins in 2007 and 2008, about half of the samples in 2007 contained these toxins, although levels were low and no positive results were obtained using the rat bioassay. There was a slight positive correlation between concentrations of DSP toxin-producing phytoplankton and levels of DSP toxins in 2007. Increased DSP toxin levels were found up to 5 weeks after the peak in DSP toxin-producing phytoplankton. This positive, but weak, relationship needs to be confirmed in future research using more samples and chemical methods to quantify the presence of DSP toxins. If this relationship is further substantiated and quantified, it could be used within the current monitoring programme in the Netherlands to predict the risk areas regarding DSP toxicity in shellfish.","Food Additives & Contaminants. Part A, Chemistry, Analysis, Control, Exposure & Risk Assessment",2012,P148,dinoflagellate,train,,,,monitoring phytoplankton and marine biotoxins in production waters of the netherlands results after one decade,not_found
toxin_profile,Analysis of paralytic shellfish toxins and their metabolites in shellfish from the North Yellow Sea of China,"Samples of toxic scallop (Patinopecten yessoensis) and clam (Saxidomus purpuratus) collected on the northern coast of China from 2008 to 2009 were analysed. High-performance liquid chromatography with post-column oxidation and fluorescence detection was used to determine the profile of the main paralytic shellfish poisoning (PSP) toxins in these samples and their total toxicity. Hydrophilic interaction liquid ion chromatography with mass spectrometric detection confirmed the toxin profile and detected several metabolites in the shellfish. Results show that C1/2 toxins were the most dominant toxins in the scallop and clam samples. However, GTX1/4 and GTX2/3 were also present. M1 was the predominant metabolite in all the samples, but M3 and M5 were also identified, along with three previously unreported presumed metabolites, M6, M8 and M10. The results indicate that the biotransformation of toxins was species specific. It was concluded that the reductive enzyme in clams is more active than in scallops and that an enzyme in scallops is more apt to catalyse hydrolysis of both the sulfonate moiety at the N-sulfocabamoyl of C toxins and the 11-hydroxysulfate of C and GTX toxins to produce metabolites. This is the first report of new metabolites of PSP toxins in scallops and clams collected in China.","Food Additives & Contaminants. Part A, Chemistry, Analysis, Control, Exposure & Risk Assessment",2012,P197,dinoflagellate,train,,,,analysis of paralytic shellfish toxins and their metabolites in shellfish from the north yellow sea of china,not_found
evolution,"Extraordinary conservation, gene loss, and positive selection in the evolution of an ancient neurotoxin","The recent determination of the genetic basis for the biosynthesis of the neurotoxin, saxitoxin, produced by cyanobacteria, has revealed a highly complex sequence of reactions, involving over 30 biosynthetic steps encoded by up to 26 genes clustered at one genomic locus, sxt. Insights into evolutionary-ecological processes have been found through the study of such secondary metabolites because they consist of a measurable phenotype with clear ecological consequences, synthesized by known genes in a small number of species. However, the processes involved in and timing of the divergence of prokaryotic secondary metabolites have been difficult to determine due to their antiquity and the possible frequency of horizontal gene transfer and homologous recombination. Through analyses of gene synteny, phylogenies of individual genes, and analyses of recombination and selection, we identified the evolutionary processes of this cluster in five species of cyanobacteria. Here, we provide evidence that the sxt cluster appears to have been largely vertically inherited and was therefore likely present early in the divergence of the Nostocales, at least 2,100 Ma, the earliest reliably dated appearance of a secondary metabolite. The sxt cluster has been extraordinarily conserved through stabilizing selection. Genes have been lost and rearranged, have undergone intra- and interspecific recombination, and have been subject to duplication followed by positive selection along the duplicated lineage, with likely consequences for the toxin analogues produced. Several hypotheses exist as to the ecophysiological role of saxitoxin: as a method of chemical defense, cellular nitrogen storage, DNA metabolism, or chemical signaling. The antiquity of this gene cluster indicates that potassium channels, not sodium channels, may have been the original targets of this compound. The extraordinary conservation of the machinery for saxitoxin synthesis, under radically changing environmental conditions, shows that it has continued to play an important adaptive role in some cyanobacteria.",Molecular Biology and Evolution,2011,P126,dinoflagellate,train,,,,extraordinary conservation gene loss and positive selection in the evolution of an ancient neurotoxin,not_found
hab,"Dynamics of Alexandrium fundyense blooms and shellfish toxicity in the Nauset Marsh System of Cape Cod (Massachusetts, USA)","Paralytic Shellfish Poisoning (PSP) toxins are annually recurrent along the Massachusetts coastline (USA), which includes many small embayments and salt ponds. Among these is the Nauset Marsh System (NMS), which has a long history of PSP toxicity. Little is known, however, about the bloom dynamics of the causative organism Alexandrium fundyense within that economically and socially important system. The overall goal of this work was to characterize the distribution and dynamics of A. fundyense blooms within the NMS and adjacent coastal waters by documenting the distribution and abundance of resting cysts and vegetative cells. Cysts were found predominantly in three drowned kettle holes or salt ponds at the distal ends of the NMS - Salt Pond, Mill Pond, and Town Cove. The central region of the NMS had a much lower concentration of cysts. Two types of A. fundyense blooms were observed. One originated entirely within the estuary, seeded by cysts in the three seedbeds. These blooms developed independently of each other and of the A. fundyense population observed in adjacent coastal waters outside the NMS. The temporal development of the blooms was different in the three salt ponds, with initiation differing by as much as 30 days. These differences do not appear to reflect the initial cyst abundances in these locations, and may simply result from higher cell retention and higher nutrient concentrations in Mill Pond, the first site to bloom. Germination of cysts accounted for a small percentage of the peak cell densities in the ponds, so population size was influenced more by the factors affecting growth than by cyst abundance. Subsurface cell aggregation (surface avoidance) limited advection of the vegetative A. fundyense cells out of the salt ponds through the shallow inlet channels. Thus, the upper reaches of the NMS are at the greatest risk for PSP since the highest cyst abundances and cell concentrations were found there. After these localized blooms in the salt ponds peaked and declined, a second, late season bloom occurred within the central portions of the NMS. The timing of this second bloom relative to those within the salt ponds and the coastal circulation patterns at that time strongly suggest that those cells originated from a regional A. fundyense bloom in the Gulf of Maine, delivered to the central marsh from coastal waters outside the NMS through Nauset Inlet. These results will guide policy decisions about water quality as well as shellfish monitoring and utilization within the NMS and highlight the potential for ""surgical"" closures of shellfish during PSP events, leaving some areas open for harvesting while others are closed.",Harmful Algae,2011,P235,dinoflagellate,train,,,,dynamics of alexandrium fundyense blooms and shellfish toxicity in the nauset marsh system of cape cod massachusetts usa,not_found
detection,Comparison of analytical tools and biological assays for detection of paralytic shellfish poisoning toxins,"The paralytic shellfish poisoning toxins (PSTs) were, as their name suggests, discovered as a result of human poisoning after consumption of contaminated shellfish. More recently, however, the same toxins have been found to be produced by freshwater cyanobacteria. These organisms have worldwide distribution and are common in our sources of drinking water, thus presenting another route of potential human exposure. However, the regulatory limits for PSTs in drinking water are considerably lower than in shellfish. This has increased the need to find alternatives to the mouse bioassay, which, apart from being ethically questionable, does not have a limit of detection capable of detecting the PSTs in water at the regulated concentrations. Additionally, the number of naturally occurring PSTs has grown substantially since saxitoxin was first characterised, markedly increasing the analytical challenge of this group of compounds. This paper summarises the development of chromatographic, toxicity, and molecular sensor binding methodologies for detection of the PSTs in shellfish, cyanobacteria, and water contaminated by these toxins. It then summarises the advantages and disadvantages of their use for particular applications. Finally it recommends some future requirements that will contribute to their improvement for these applications.",Analytical and Bioanalytical Chemistry,2010,P025,dinoflagellate,train,,,,comparison of analytical tools and biological assays for detection of paralytic shellfish poisoning toxins,not_found
review,Marine toxins: an overview,"Oceans provide enormous and diverse space for marine life. Invertebrates are conspicuous inhabitants in certain zones such as the intertidal; many are soft-bodied, relatively immobile and lack obvious physical defenses. These animals frequently have evolved chemical defenses against predators and overgrowth by fouling organisms. Marine animals may accumulate and use a variety of toxins from prey organisms and from symbiotic microorganisms for their own purposes. Thus, toxic animals are particularly abundant in the oceans. The toxins vary from small molecules to high molecular weight proteins and display unique chemical and biological features of scientific interest. Many of these substances can serve as useful research tools or molecular models for the design of new drugs and pesticides. This chapter provides an initial survey of these toxins and their salient properties.",Progress in Molecular and Subcellular Biology,2009,P181,dinoflagellate,train,,,,marine toxins an overview,not_found
review,Biotechnological significance of toxic marine dinoflagellates,"Dinoflagellates are microalgae that are associated with the production of many marine toxins. These toxins poison fish, other wildlife and humans. Dinoflagellate-associated human poisonings include paralytic shellfish poisoning, diarrhetic shellfish poisoning, neurotoxic shellfish poisoning, and ciguatera fish poisoning. Dinoflagellate toxins and bioactives are of increasing interest because of their commercial impact, influence on safety of seafood, and potential medical and other applications. This review discusses biotechnological methods of identifying toxic dinoflagellates and detecting their toxins. Potential applications of the toxins are discussed. A lack of sufficient quantities of toxins for investigational purposes remains a significant limitation. Producing quantities of dinoflagellate bioactives requires an ability to mass culture them. Considerations relating to bioreactor culture of generally fragile and slow-growing dinoflagellates are discussed. Production and processing of dinoflagellates to extract bioactives, require attention to biosafety considerations as outlined in this review.",Biotechnology Advances,2007,P182,dinoflagellate,train,,,,biotechnological significance of toxic marine dinoflagellates,not_found
effect,Toxin profile of Alexandrium ostenfeldii (Dinophyceae) from the Northern Adriatic Sea revealed by liquid chromatography-mass spectrometry,"This paper reports on the first occurrence of fairly high numbers of Alexandrium ostenfeldii along the Emilia Romagna coasts (Italy). Detailed liquid chromatography-mass spectrometry (LC-MS) analyses of the toxin profile were performed on a strain of the organism collected in November 2003, isolated during the event and grown in culture. Selected ion monitoring (SIM) and multiple reaction monitoring (MRM) experiments were carried out for detection of spirolides and paralytic shellfish poisoning (PSP) toxins. They revealed that the Adriatic A. ostenfeldii produces mainly spirolide 13-desmethyl C at levels of 3.7 pg/cell but not PSP toxins. Interestingly, low levels of some spirolide isomers that have not been reported so far in other strains of the dinoflagellate were also detected. This represents the first report of spirolide-type toxins in the Adriatic Sea.",Toxicon: Official Journal of the International Society on Toxinology,2006,P059,dinoflagellate,train,,,,toxin profile of alexandrium ostenfeldii dinophyceae from the northern adriatic sea revealed by liquid chromatography mass spectrometry,not_found
environmental,Nitrate and phosphate supplementation to increase toxin production by the marine dinoflagellate Alexandrium tamarense,"Alexandrium tamarense toxins have great value in biotechnology research as well as important in connection with shellfish poisoning. The influence of nitrate or nitrate and phosphate supplementation on cell biomass and toxin content were investigated in batch cultures. When cultures at low nitrate (88.2 microM NaNO(3)) were supplemented with 793.8 microM NaNO(3) at day 10 the cell density and cellular toxin contents were increased by 6-29% and 20-76%, respectively, compared with controls, and maximal values were 43,600 cells/ml (day 38) and 0.91 pg/cell (day 31). Supplementation with nitrate at day 14 or with nitrate and phosphate at day 10/14 to the cultures did not increase the cell density compared with the non-supplemented middle nitrate or high phosphate (108 microM NaH(2)PO(4)) cultures, respectively, but increased the cellular toxin contents by an average of 52%. The results showed that supplementation with nitrate or with nitrate and phosphate at different growth phases of the cultures increased toxin yield by an average of 46%. Supplementation with nitrate at selected times to maintain continuous low level of nitrate might contribute to the effective increase of toxin yield of A. tamarense.",Marine Pollution Bulletin,2006,P108,dinoflagellate,train,,,,nitrate and phosphate supplementation to increase toxin production by the marine dinoflagellate alexandrium tamarense,not_found
environmental,Nitrogen:Phosphorus supply ratio may control the protein and total toxin of dinoflagellate Alexandrium tamarense,"The protein and total toxin of dinoflagellate Alexandrium tamarense at the exponential growth phase were studied at four N:P supply ratios=8, 16, 24 and 48 by maintaining the N concentration at 880 microM with variable P concentrations without nutrient limitation. Because A. tamarense grew well at all N:P supply ratios, they might synthesize RNA which contains high phosphorus and consequently low N:P atomic ratio of cells might be retained during exponential growth phase. Cellular protein:C ratio and toxin:C ratio depended on N:P supply ratio, suggesting that intracellular biochemical composition of A. tamarense might vary due to N:P supply conditions. These biochemical changes could not be detected by only investigations of cellular N:C atomic ratio which was independent on N:P supply ratio. Total cellular toxin contents of A. tamarense increased with increasing N:P supply ratio, indicated that total cellular toxin contents of A. tamarense might be stimulated by relative P-deficiency. In situ P concentration of the Seto Inland Sea of Japan has been reduced since 1980s the environmental regulation issued by Japanese Government, and therefore N:P supply ratio of input water from adjacent rivers has became higher than the Redfield ratio. The present study may suggest that the reduction of P supply into ambient sea water might cause A. tamarense to accumulate more toxin within the cell, in result, noxious A. tamarense would be more influential to marine organisms in coastal ecosystem.",Toxicon: Official Journal of the International Society on Toxinology,2006,P109,dinoflagellate,train,,,,nitrogen phosphorus supply ratio may control the protein and total toxin of dinoflagellate alexandrium tamarense,not_found
toxin_profile,Toxin profile of Alexandrium ostenfeldii (Dinophyceae) from the Northern Adriatic Sea revealed by liquid chromatography-mass spectrometry,"This paper reports on the first occurrence of fairly high numbers of Alexandrium ostenfeldii along the Emilia Romagna coasts (Italy). Detailed liquid chromatography-mass spectrometry (LC-MS) analyses of the toxin profile were performed on a strain of the organism collected in November 2003, isolated during the event and grown in culture. Selected ion monitoring (SIM) and multiple reaction monitoring (MRM) experiments were carried out for detection of spirolides and paralytic shellfish poisoning (PSP) toxins. They revealed that the Adriatic A. ostenfeldii produces mainly spirolide 13-desmethyl C at levels of 3.7 pg/cell but not PSP toxins. Interestingly, low levels of some spirolide isomers that have not been reported so far in other strains of the dinoflagellate were also detected. This represents the first report of spirolide-type toxins in the Adriatic Sea.",Toxicon: Official Journal of the International Society on Toxinology,2006,P206,dinoflagellate,train,,,,toxin profile of alexandrium ostenfeldii dinophyceae from the northern adriatic sea revealed by liquid chromatography mass spectrometry,not_found
policy_monitoring,[Analysis of paralytic shellfish poison of bivalves in seafood market in Guangzhou],"OBJECTIVE: The investigations of the paralytic shellfish poisoning (PSP) from Huangsha seafood market of Guangzhou was performed to assess the risk of PSP in bivalves. METHODS: The concentration and profiles of PSP toxins in bivalves were determined by mouse bioassay of AOAC and high-performance liquid chromatography (HPLC). The risk assessment of PSP in bivalves was conducted with FAO and Chinese Administration Organization of Fish Culture and Seaport. RESULTS: The content of PSP detected was lower than the safe standard (4 MU/g meat) in all of the 84 samples, one of which had the highest toxicity with 1.84 MU/g muscle. These results suggested that the bivalves in seafood market was safe to feed. It was 9 samples' gland in 2 species that be detected to have PSP in the bivalves being researched, the muscles had few PSP. The concentration of PSP in one sample's gland exceeded the threshold of FAO (4 MU/g) with 14.52 MU/g meat, and the profiles of PSP in the gland were B1, GTX2/3, GTX1/4 and C according to HPLC. CONCLUSION: These results suggested that both of the concentration and detection rate of PSP of bivalves in seafood market in Guangzhou were low as a whole, but the content and discovery rate of PSP were far higher in glands than in the muscles, and the PSP content in one gland exceeded the threshold of Standard. The levels of PSP contamination in shellfish was characteristic of season. The toxins level in shellfish were the maximum in spring, but the frequency of toxins detected in shellfish was higher in summer and autumn, so the detection and risk assessment of PSP in bivalves from seafood market was essential in the future.",Wei Sheng Yan Jiu = Journal of Hygiene Research,2005,P153,dinoflagellate,train,,,,analysis of paralytic shellfish poison of bivalves in seafood market in guangzhou,not_found
environmental,Variability in toxicity of the dinoflagellate Alexandrium tamarense in response to different nitrogen sources and concentrations,"Nitrogen (N) supply in pulses was simulated by exposing Alexandrium tamarense which was acclimatized at low N concentration (6 microM-N) to sudden increase in concentrations of nitrate, ammonium and urea, and the variability in toxicity due to nutrient status of A. tamarense was examined. The toxin composition did not vary dramatically among the three N sources, however, ammonium induced the highest concentration of intracellular toxin, followed by urea and then nitrate. Therefore, populations utilizing high ammonium concentration could be more toxic than those growing on nitrate or urea. The toxin content was dependent on the cellular N status of nitrate grown cells only, suggesting that the competition for N in toxin production with other metabolic pathways such as growth may be different among N sources. The relationship between toxin and nutrient status is a complex interaction and it involves the redistribution of cellular N within the cells. Understanding the toxin dynamics of natural populations in relation to nutrient is essential for the mitigation of harmful dinoflagellates in a given coastal ecosystem.",Toxicon: Official Journal of the International Society on Toxinology,2004,P092,dinoflagellate,train,,,,variability in toxicity of the dinoflagellate alexandrium tamarense in response to different nitrogen sources and concentrations,not_found
policy_monitoring,Use of sodium transfer tissue biosensor (STTB) for monitoring of marine toxic organism,"A highly sensitive sodium (Na+) transfer tissue biosensor (STTB) was designed using a frog bladder membrane to measure paralytic shellfish poisons (PSP). The STTB consists, of a Na+ electrode covered by the membrane, which was then integrated into a flow-through system for continuous measurements. In the absence of Na+ channel blocker, active transfer of Na+ occurred from inside to outside across the frog membrane. When the STTB was used to measure the Na+ -dependent dissociation of PSP, it was able to detect PSB at a level contained in a single cell. However, 5 fg or higher (100 cells or more) is needed for accurate and reproducible measurements. The toxicity obtained by the STTB was significantly correlated (r = 0.9449) to that determined by the HPLC. Therefore, the simple method of the STTB can be used not only to detect a low level PSP in toxic plankton populations, but also to monitor poisons in shellfish.",Journal of Environmental Biology,2004,P162,dinoflagellate,train,,,,use of sodium transfer tissue biosensor sttb for monitoring of marine toxic organism,not_found
environmental,Effect of antibiotic treatment on toxin production by Alexandrium tamarense,"OBJECTIVE: Impact of the presence of bacteria associated with a marine dinoflagellate, Alexandrium tamarense CI01, on the growth and toxin production of the algae in batch culture was investigated. METHODS: Pronounced changes in the activities of the algal culture were observed when the culture was treated with different doses of a mixture of penicillin and streptomycin. RESULTS: In the presence of antibiotics at the initial concentration of 100 u/mL in culture medium, both algal growth and toxin yield increased markedly. When the concentration of antibiotics was increased to 500 u/mL, the microalgal growth was inhibited, but resumed in a few days to eventually reach the same level of growth and toxin production as at the lower dose of the antibiotics. When the antibiotics were present at a concentration of 1 000 u/mL, the algal growth was inhibited permanently. CONCLUSIONS: The results indicate that antibiotics can enhance algal growth and toxin production not only through their inhibition of the growth and hence competition for nutrients, but also through their effects on the physiology of the algae.",Biomedical and environmental sciences: BES,2003,P094,dinoflagellate,train,,,,effect of antibiotic treatment on toxin production by alexandrium tamarense,not_found
hab,[Paralytic shellfish toxins in shellfish from the coast of high frequent harmful algae blooms occurrence areas in East China Sea and South China Sea],"The paralytic shellfish poisoning (PSP) toxicity levels of shellfish collected from shellfish growing zones in Zhoushan areas of East China Sea and Shenzhen areas of South China Sea during January-November 2002 were determined with AOAC bioassay method. The results showed that the toxicity levels of shellfish from Zhoushan were very low, and few shellfish samples could be detected the PSP toxicities. The same levels appeared in the shellfish from Shenzhen, but the percentage of shellfish samples contaminated PSP was up to 30%, and the scallop Chalmys nobilis was dominated in the contaminated shellfish species. Analyses on the toxic profiles of digest gland and edible tissue extraction of scallop from Shenzhen showed that a similar suite of toxins presented in the gland and edible tissues. The high potency neoSTX and low potency GTX5 had a high proportions, up to 60.8% and 11.4%, respectively in the tissue, and the high potency GTX1 + 2 and GTX5 were the dominant toxins, up to 38.9% and 20%, respectively in the gland. Most of the toxin were accumulated in ingested gland of scallop, and the toxic content in gland was about 8 folds more than that in the edible tissues.",Ying Yong Sheng Tai Xue Bao = The Journal of Applied Ecology,2003,P227,dinoflagellate,train,,,,paralytic shellfish toxins in shellfish from the coast of high frequent harmful algae blooms occurrence areas in east china sea and south china sea,not_found
hab,"Harmful algal blooms and eutrophication: Nutrient sources, composition, and consequences","Although algal blooms, including those considered toxic or harmful, can be natural phenomena, the nature of the global problem of harmful algal blooms (HABs) has expanded both in extent and its public perception over the last several decades. Of concern, especially for resource managers, is the potential relationship between HABs and the accelerated eutrophication of coastal waters from human activities. We address current insights into the relationships between HABs and eutrophication, focusing on sources of nutrients, known effects of nutrient loading and reduction, new understanding of pathways of nutrient acquisition among HAB species, and relationships between nutrients and toxic algae. Through specific, regional, and global examples of these various relationships, we offer both an assessment of the state of understanding, and the uncertainties that require future research efforts. The sources of nutrients potentially stimulating algal blooms include sewage, atmospheric deposition, groundwater flow, as well as agricultural and aquaculture runoff and discharge. On a global basis, strong correlations have been demonstrated between total phosphorus inputs and phytoplankton production in freshwaters, and between total nitrogen input and phytoplankton production in estuarine and marine waters. There are also numerous examples in geographic regions ranging from the largest and second largest U.S. mainland estuaries (Chesapeake Bay and the Albemarle-Pamlico Estuarine System), to the Inland Sea of Japan, the Black Sea, and Chinese coastal waters, where increases in nutrient loading have been linked with the development of large biomass blooms, leading to anoxia and even toxic or harmful impacts on fisheries resources, ecosystems, and human health or recreation. Many of these regions have witnessed reductions in phytoplankton biomass (as chlorophylla) or HAB incidence when nutrient controls were put in place. Shifts in species composition have often been attributed to changes in nutrient supply ratios, primarily N?P or N?Si. Recently this concept has been extended to include organic forms of nutrients, and an elevation in the ratio of dissolved organic carbon to dissolved organic nitrogen (DOC?DON) has been observed during several recent blooms. The physiological strategies by which different groups of species acquire their nutrients have become better understood, and alternate modes of nutrition such as heterotrophy and mixotrophy are now recognized as common among HAB species. Despite our increased understanding of the pathways by which nutrients are delivered to ecosystems and the pathways by which they are assimilated differentially by different groups of species, the relationships between nutrient delivery and the development of blooms and their potential toxicity or harmfulness remain poorly understood. Many factors such as algal species presence/abundance, degree of flushing or water exchange, weather conditions, and presence and abundance of grazers contribute to the success of a given species at a given point in time. Similar nutrient loads do not have the same impact in different environments or in the same environment at different points in time. Eutrophication is one of several mechanisms by which harmful algae appear to be increasing in extent and duration in many locations. Although important, it is not the only explanation for blooms or toxic outbreaks. Nutrient enrichment has been strongly linked to stimulation of some harmful species, but for others it has not been an apparent contributing factor. The overall effect of nutrient over-enrichment on harmful algal species is clearly species specific.",Estuaries,2002,P242,dinoflagellate,train,,,,harmful algal blooms and eutrophication nutrient sources composition and consequences,not_found
environmental,Growth dynamics and toxicity of Alexandrium fundyense (Dinophyceae): the effect of changing N:P supply ratios on internal toxin and nutrient levels,"The effect of N- and P-limitation on the growth and paralytic shellfish toxin content of Alexandrium fundyense was studied in a series of batch cultures in which the N:P supply mass ratio was varied from less than 1 up to 160 (cf. Redfield ? 7.2). N- and P-limitation of growth was observed at the lower and higher ratios respectively, with dual limitation between. Cellular parameters were similar during the exponential phase of growth, regardless of external N:P ratio. Upon nutrient exhaustion cell yields and internal pools were affected, although these also varied according to the N-source (nitrate vs. ammonium). Generally N-limitation alone led to a higher C:N ratio, lower C:P and N:P ratios and a decreased toxin content in stationary-phase cells. P-limitation led to increased cell size and cell quotas, lower C:N ratios, and higher C:P and N:P ratios (to maxima of 350 and 35 respectively). Complex internal P-fractionation schemes were found unnecessary to determine the P-status of cells and extraction using potassium persulphate, cold water and cold HCl alone were adequate. Severe P-limitation led to increased toxin content but only when N was also limiting, suggesting a synergistic effect of N and P availability on toxin synthesis and turnover. A positive relationship was found between toxin content and the intracellular concentration of arginine, but this varied with the nutrient status (in particular P-status) of the cells.",European Journal of Phycology,2000,P113,dinoflagellate,train,,,,growth dynamics and toxicity of alexandrium fundyense dinophyceae the effect of changing n p supply ratios on internal toxin and nutrient levels,not_found
