edge_key,source,target,source_type,target_type,post2015_relation,dino_post_weight,cyano_prior_weight,dino_pre_prior_weight,in_cyano_prior,in_dino_pre_prior,transfer_type,transfer_support_score
bloom||saxitoxin,saxitoxin,bloom,TOXIN,ENV_FACTOR,environment_associated_with_toxin,53,102.0,45.0,1,1,cyano_and_dino_prior_signal,147.0
bloom||cyanobacteria,cyanobacteria,bloom,CYANO_TAXON,ENV_FACTOR,semantic_cooccurrence,14,116.0,6.0,1,1,cyano_and_dino_prior_signal,122.0
bloom||cyanobacterial,cyanobacterial,bloom,CYANO_TAXON,ENV_FACTOR,semantic_cooccurrence,1,90.0,4.0,1,1,cyano_and_dino_prior_signal,94.0
bloom||toxicity,bloom,toxicity,ENV_FACTOR,BIOLOGICAL_PROCESS,environment_associated_with_process,33,42.0,29.0,1,1,cyano_and_dino_prior_signal,71.0
bloom||dinoflagellate,dinoflagellate,bloom,DINO_TAXON,ENV_FACTOR,semantic_cooccurrence,47,10.0,56.0,1,1,cyano_and_dino_prior_signal,66.0
bloom||paralytic_shellfish_poisoning,paralytic_shellfish_poisoning,bloom,TOXIN,ENV_FACTOR,environment_associated_with_toxin,31,19.0,47.0,1,1,cyano_and_dino_prior_signal,66.0
alexandrium||bloom,alexandrium,bloom,DINO_TAXON,ENV_FACTOR,semantic_cooccurrence,58,8.0,53.0,1,1,cyano_and_dino_prior_signal,61.0
bloom||dinoflagellates,dinoflagellates,bloom,DINO_TAXON,ENV_FACTOR,semantic_cooccurrence,38,19.0,35.0,1,1,cyano_and_dino_prior_signal,54.0
bloom||paralytic_shellfish_toxins,paralytic_shellfish_toxins,bloom,TOXIN,ENV_FACTOR,environment_associated_with_toxin,40,20.0,32.0,1,1,cyano_and_dino_prior_signal,52.0
saxitoxin||temperature,saxitoxin,temperature,TOXIN,ENV_FACTOR,environment_associated_with_toxin,25,27.0,20.0,1,1,cyano_and_dino_prior_signal,47.0
cyanobacteria||nitrogen,cyanobacteria,nitrogen,CYANO_TAXON,ENV_FACTOR,semantic_cooccurrence,3,44.0,3.0,1,1,cyano_and_dino_prior_signal,47.0
nitrogen||saxitoxin,saxitoxin,nitrogen,TOXIN,ENV_FACTOR,environment_associated_with_toxin,14,37.0,9.0,1,1,cyano_and_dino_prior_signal,46.0
nutrient||saxitoxin,saxitoxin,nutrient,TOXIN,ENV_FACTOR,environment_associated_with_toxin,19,31.0,14.0,1,1,cyano_and_dino_prior_signal,45.0
cyanobacteria||nutrient,cyanobacteria,nutrient,CYANO_TAXON,ENV_FACTOR,semantic_cooccurrence,8,41.0,3.0,1,1,cyano_and_dino_prior_signal,44.0
nitrogen||phosphorus,nitrogen,phosphorus,ENV_FACTOR,ENV_FACTOR,semantic_cooccurrence,7,28.0,11.0,1,1,cyano_and_dino_prior_signal,39.0
bloom||hplc,bloom,hplc,ENV_FACTOR,DETECTION_METHOD,semantic_cooccurrence,7,21.0,18.0,1,1,cyano_and_dino_prior_signal,39.0
climate||cyanobacteria,cyanobacteria,climate,CYANO_TAXON,ENV_FACTOR,semantic_cooccurrence,4,37.0,1.0,1,1,cyano_and_dino_prior_signal,38.0
cyanobacteria||phosphorus,cyanobacteria,phosphorus,CYANO_TAXON,ENV_FACTOR,semantic_cooccurrence,4,34.0,1.0,1,1,cyano_and_dino_prior_signal,35.0
alexandrium||nutrient,alexandrium,nutrient,DINO_TAXON,ENV_FACTOR,semantic_cooccurrence,24,4.0,30.0,1,1,cyano_and_dino_prior_signal,34.0
light||saxitoxin,saxitoxin,light,TOXIN,ENV_FACTOR,environment_associated_with_toxin,12,18.0,16.0,1,1,cyano_and_dino_prior_signal,34.0
nitrogen||nutrient,nitrogen,nutrient,ENV_FACTOR,ENV_FACTOR,semantic_cooccurrence,11,17.0,16.0,1,1,cyano_and_dino_prior_signal,33.0
harmful_algal_bloom||saxitoxin,saxitoxin,harmful_algal_bloom,TOXIN,ENV_FACTOR,environment_associated_with_toxin;process_associated_with_toxin,20,18.0,14.0,1,1,cyano_and_dino_prior_signal,32.0
dinoflagellate||nutrient,dinoflagellate,nutrient,DINO_TAXON,ENV_FACTOR,semantic_cooccurrence,19,5.0,27.0,1,1,cyano_and_dino_prior_signal,32.0
bloom||cyanobacterium,cyanobacterium,bloom,CYANO_TAXON,ENV_FACTOR,semantic_cooccurrence,1,30.0,1.0,1,1,cyano_and_dino_prior_signal,31.0
bloom||cylindrospermopsis,cylindrospermopsis,bloom,CYANO_TAXON,ENV_FACTOR,semantic_cooccurrence,1,29.0,1.0,1,1,cyano_and_dino_prior_signal,30.0
bloom||harmful_algal_bloom,bloom,harmful_algal_bloom,ENV_FACTOR,ENV_FACTOR,environment_associated_with_process;semantic_cooccurrence,26,12.0,17.0,1,1,cyano_and_dino_prior_signal,29.0
bloom||nutrient,nutrient,bloom,ENV_FACTOR,ENV_FACTOR,semantic_cooccurrence,17,19.0,10.0,1,1,cyano_and_dino_prior_signal,29.0
biosynthesis||bloom,bloom,biosynthesis,ENV_FACTOR,BIOLOGICAL_PROCESS,environment_associated_with_process,12,26.0,3.0,1,1,cyano_and_dino_prior_signal,29.0
nutrients||saxitoxin,saxitoxin,nutrients,TOXIN,ENV_FACTOR,environment_associated_with_toxin,10,23.0,6.0,1,1,cyano_and_dino_prior_signal,29.0
nutrient||phosphorus,phosphorus,nutrient,ENV_FACTOR,ENV_FACTOR,semantic_cooccurrence,7,16.0,13.0,1,1,cyano_and_dino_prior_signal,29.0
cyanobacteria||temperature,cyanobacteria,temperature,CYANO_TAXON,ENV_FACTOR,semantic_cooccurrence,4,29.0,0.0,1,0,cyano_only_prior_signal,29.0
temperature||toxicity,temperature,toxicity,ENV_FACTOR,BIOLOGICAL_PROCESS,environment_associated_with_process,19,14.0,14.0,1,1,cyano_and_dino_prior_signal,28.0
phosphorus||saxitoxin,saxitoxin,phosphorus,TOXIN,ENV_FACTOR,environment_associated_with_toxin,7,25.0,2.0,1,1,cyano_and_dino_prior_signal,27.0
climate||saxitoxin,saxitoxin,climate,TOXIN,ENV_FACTOR,environment_associated_with_toxin,13,22.0,4.0,1,1,cyano_and_dino_prior_signal,26.0
bloom||nitrogen,nitrogen,bloom,ENV_FACTOR,ENV_FACTOR,semantic_cooccurrence,6,19.0,7.0,1,1,cyano_and_dino_prior_signal,26.0
nutrient||toxicity,nutrient,toxicity,ENV_FACTOR,BIOLOGICAL_PROCESS,environment_associated_with_process,13,14.0,10.0,1,1,cyano_and_dino_prior_signal,24.0
cyanobacteria||light,cyanobacteria,light,CYANO_TAXON,ENV_FACTOR,semantic_cooccurrence,2,22.0,2.0,1,1,cyano_and_dino_prior_signal,24.0
cyanobacterial||nutrient,cyanobacterial,nutrient,CYANO_TAXON,ENV_FACTOR,semantic_cooccurrence,1,23.0,1.0,1,1,cyano_and_dino_prior_signal,24.0
nutrient||paralytic_shellfish_toxins,paralytic_shellfish_toxins,nutrient,TOXIN,ENV_FACTOR,environment_associated_with_toxin,16,9.0,14.0,1,1,cyano_and_dino_prior_signal,23.0
bloom||toxin_production,bloom,toxin_production,ENV_FACTOR,BIOLOGICAL_PROCESS,environment_associated_with_process,14,18.0,5.0,1,1,cyano_and_dino_prior_signal,23.0
nutrient||toxin_production,nutrient,toxin_production,ENV_FACTOR,BIOLOGICAL_PROCESS,environment_associated_with_process,12,11.0,12.0,1,1,cyano_and_dino_prior_signal,23.0
nitrogen||toxicity,nitrogen,toxicity,ENV_FACTOR,BIOLOGICAL_PROCESS,environment_associated_with_process,8,12.0,11.0,1,1,cyano_and_dino_prior_signal,23.0
cyanobacteria||nutrients,cyanobacteria,nutrients,CYANO_TAXON,ENV_FACTOR,semantic_cooccurrence,5,23.0,0.0,1,0,cyano_only_prior_signal,23.0
climate||cyanobacterial,cyanobacterial,climate,CYANO_TAXON,ENV_FACTOR,semantic_cooccurrence,2,22.0,1.0,1,1,cyano_and_dino_prior_signal,23.0
alexandrium||temperature,alexandrium,temperature,DINO_TAXON,ENV_FACTOR,semantic_cooccurrence,29,2.0,20.0,1,1,cyano_and_dino_prior_signal,22.0
dinoflagellate||temperature,dinoflagellate,temperature,DINO_TAXON,ENV_FACTOR,semantic_cooccurrence,19,2.0,20.0,1,1,cyano_and_dino_prior_signal,22.0
alexandrium||nitrogen,alexandrium,nitrogen,DINO_TAXON,ENV_FACTOR,semantic_cooccurrence,21,3.0,18.0,1,1,cyano_and_dino_prior_signal,21.0
alexandrium||light,alexandrium,light,DINO_TAXON,ENV_FACTOR,semantic_cooccurrence,18,3.0,18.0,1,1,cyano_and_dino_prior_signal,21.0
dinoflagellate||light,dinoflagellate,light,DINO_TAXON,ENV_FACTOR,semantic_cooccurrence,14,2.0,19.0,1,1,cyano_and_dino_prior_signal,21.0
cyanobacteria||harmful_algal_bloom,cyanobacteria,harmful_algal_bloom,CYANO_TAXON,BIOLOGICAL_PROCESS,semantic_cooccurrence;taxon_associated_with_process,13,20.0,1.0,1,1,cyano_and_dino_prior_signal,21.0
nitrogen||toxin_production,nitrogen,toxin_production,ENV_FACTOR,BIOLOGICAL_PROCESS,environment_associated_with_process,11,12.0,9.0,1,1,cyano_and_dino_prior_signal,21.0
alexandrium||harmful_algal_bloom,alexandrium,harmful_algal_bloom,DINO_TAXON,BIOLOGICAL_PROCESS,semantic_cooccurrence;taxon_associated_with_process,16,2.0,18.0,1,1,cyano_and_dino_prior_signal,20.0
alexandrium||nitrate,alexandrium,nitrate,DINO_TAXON,ENV_FACTOR,semantic_cooccurrence,14,3.0,17.0,1,1,cyano_and_dino_prior_signal,20.0
dinoflagellates||nutrient,dinoflagellates,nutrient,DINO_TAXON,ENV_FACTOR,semantic_cooccurrence,16,10.0,9.0,1,1,cyano_and_dino_prior_signal,19.0
bloom||sxta,sxta,bloom,SXT_GENE,ENV_FACTOR,semantic_cooccurrence,13,16.0,3.0,1,1,cyano_and_dino_prior_signal,19.0
nitrate||nitrogen,nitrogen,nitrate,ENV_FACTOR,ENV_FACTOR,semantic_cooccurrence,13,8.0,11.0,1,1,cyano_and_dino_prior_signal,19.0
nutrient||paralytic_shellfish_poisoning,paralytic_shellfish_poisoning,nutrient,TOXIN,ENV_FACTOR,environment_associated_with_toxin,12,7.0,12.0,1,1,cyano_and_dino_prior_signal,19.0
cyanobacterial||light,cyanobacterial,light,CYANO_TAXON,ENV_FACTOR,semantic_cooccurrence,1,18.0,1.0,1,1,cyano_and_dino_prior_signal,19.0
dinoflagellate||nitrogen,dinoflagellate,nitrogen,DINO_TAXON,ENV_FACTOR,semantic_cooccurrence,22,2.0,16.0,1,1,cyano_and_dino_prior_signal,18.0
salinity||saxitoxin,saxitoxin,salinity,TOXIN,ENV_FACTOR,environment_associated_with_toxin,10,6.0,12.0,1,1,cyano_and_dino_prior_signal,18.0
nutrient||nutrients,nutrient,nutrients,ENV_FACTOR,ENV_FACTOR,semantic_cooccurrence,10,9.0,9.0,1,1,cyano_and_dino_prior_signal,18.0
bloom||nutrients,nutrients,bloom,ENV_FACTOR,ENV_FACTOR,semantic_cooccurrence,9,14.0,4.0,1,1,cyano_and_dino_prior_signal,18.0
nitrogen||nutrients,nitrogen,nutrients,ENV_FACTOR,ENV_FACTOR,semantic_cooccurrence,6,11.0,7.0,1,1,cyano_and_dino_prior_signal,18.0
alexandrium_tamarense||bloom,alexandrium_tamarense,bloom,DINO_TAXON,ENV_FACTOR,semantic_cooccurrence,4,1.0,17.0,1,1,cyano_and_dino_prior_signal,18.0
bloom||phosphorus,phosphorus,bloom,ENV_FACTOR,ENV_FACTOR,semantic_cooccurrence,4,16.0,2.0,1,1,cyano_and_dino_prior_signal,18.0
bloom||elisa,bloom,elisa,ENV_FACTOR,DETECTION_METHOD,semantic_cooccurrence,2,14.0,4.0,1,1,cyano_and_dino_prior_signal,18.0
cyanobacterial||temperature,cyanobacterial,temperature,CYANO_TAXON,ENV_FACTOR,semantic_cooccurrence,1,18.0,0.0,1,0,cyano_only_prior_signal,18.0
harmful_algal_bloom||paralytic_shellfish_poisoning,paralytic_shellfish_poisoning,harmful_algal_bloom,TOXIN,ENV_FACTOR,environment_associated_with_toxin;process_associated_with_toxin,14,7.0,10.0,1,1,cyano_and_dino_prior_signal,17.0
nitrate||saxitoxin,saxitoxin,nitrate,TOXIN,ENV_FACTOR,environment_associated_with_toxin,14,11.0,6.0,1,1,cyano_and_dino_prior_signal,17.0
nutrient||temperature,temperature,nutrient,ENV_FACTOR,ENV_FACTOR,semantic_cooccurrence,9,7.0,10.0,1,1,cyano_and_dino_prior_signal,17.0
bloom||climate,climate,bloom,ENV_FACTOR,ENV_FACTOR,semantic_cooccurrence,7,11.0,6.0,1,1,cyano_and_dino_prior_signal,17.0
climate||toxicity,climate,toxicity,ENV_FACTOR,BIOLOGICAL_PROCESS,environment_associated_with_process,6,12.0,5.0,1,1,cyano_and_dino_prior_signal,17.0
bloom||mass_spectrometry,bloom,mass_spectrometry,ENV_FACTOR,DETECTION_METHOD,semantic_cooccurrence,5,13.0,4.0,1,1,cyano_and_dino_prior_signal,17.0
bloom||mouse_bioassay,bloom,mouse_bioassay,ENV_FACTOR,DETECTION_METHOD,semantic_cooccurrence,1,8.0,9.0,1,1,cyano_and_dino_prior_signal,17.0
dinoflagellates||nitrogen,dinoflagellates,nitrogen,DINO_TAXON,ENV_FACTOR,semantic_cooccurrence,14,6.0,10.0,1,1,cyano_and_dino_prior_signal,16.0
biosynthesis||nitrogen,nitrogen,biosynthesis,ENV_FACTOR,BIOLOGICAL_PROCESS,environment_associated_with_process,11,13.0,3.0,1,1,cyano_and_dino_prior_signal,16.0
nitrate||toxicity,nitrate,toxicity,ENV_FACTOR,BIOLOGICAL_PROCESS,environment_associated_with_process,8,4.0,12.0,1,1,cyano_and_dino_prior_signal,16.0
nitrate||toxin_production,nitrate,toxin_production,ENV_FACTOR,BIOLOGICAL_PROCESS,environment_associated_with_process,7,5.0,11.0,1,1,cyano_and_dino_prior_signal,16.0
light||toxin_production,light,toxin_production,ENV_FACTOR,BIOLOGICAL_PROCESS,environment_associated_with_process,4,4.0,12.0,1,1,cyano_and_dino_prior_signal,16.0
nutrients||phosphorus,phosphorus,nutrients,ENV_FACTOR,ENV_FACTOR,semantic_cooccurrence,4,11.0,5.0,1,1,cyano_and_dino_prior_signal,16.0
dinoflagellate||salinity,dinoflagellate,salinity,DINO_TAXON,ENV_FACTOR,semantic_cooccurrence,11,0.0,15.0,0,1,dino_prior_only_signal,15.0
dinoflagellates||light,dinoflagellates,light,DINO_TAXON,ENV_FACTOR,semantic_cooccurrence,11,4.0,11.0,1,1,cyano_and_dino_prior_signal,15.0
nutrients||toxin_production,nutrients,toxin_production,ENV_FACTOR,BIOLOGICAL_PROCESS,environment_associated_with_process,5,9.0,6.0,1,1,cyano_and_dino_prior_signal,15.0
temperature||toxin_production,temperature,toxin_production,ENV_FACTOR,BIOLOGICAL_PROCESS,environment_associated_with_process,5,5.0,10.0,1,1,cyano_and_dino_prior_signal,15.0
alexandrium||phosphorus,alexandrium,phosphorus,DINO_TAXON,ENV_FACTOR,semantic_cooccurrence,5,3.0,12.0,1,1,cyano_and_dino_prior_signal,15.0
bloom||phylogenetic,bloom,phylogenetic,ENV_FACTOR,BIOLOGICAL_PROCESS,environment_associated_with_process,3,11.0,4.0,1,1,cyano_and_dino_prior_signal,15.0
bloom||pyrodinium,pyrodinium,bloom,DINO_TAXON,ENV_FACTOR,semantic_cooccurrence,19,4.0,10.0,1,1,cyano_and_dino_prior_signal,14.0
bloom||pyrodinium_bahamense,pyrodinium_bahamense,bloom,DINO_TAXON,ENV_FACTOR,semantic_cooccurrence,19,4.0,10.0,1,1,cyano_and_dino_prior_signal,14.0
salinity||temperature,temperature,salinity,ENV_FACTOR,ENV_FACTOR,semantic_cooccurrence,18,3.0,11.0,1,1,cyano_and_dino_prior_signal,14.0
salinity||toxicity,salinity,toxicity,ENV_FACTOR,BIOLOGICAL_PROCESS,environment_associated_with_process,13,5.0,9.0,1,1,cyano_and_dino_prior_signal,14.0
dinoflagellate||nitrate,dinoflagellate,nitrate,DINO_TAXON,ENV_FACTOR,semantic_cooccurrence,13,1.0,13.0,1,1,cyano_and_dino_prior_signal,14.0
nitrogen||paralytic_shellfish_toxins,paralytic_shellfish_toxins,nitrogen,TOXIN,ENV_FACTOR,environment_associated_with_toxin,12,8.0,6.0,1,1,cyano_and_dino_prior_signal,14.0
bloom||gymnodinium,gymnodinium,bloom,DINO_TAXON,ENV_FACTOR,semantic_cooccurrence,12,0.0,14.0,0,1,dino_prior_only_signal,14.0
bloom||gymnodinium_catenatum,gymnodinium_catenatum,bloom,DINO_TAXON,ENV_FACTOR,semantic_cooccurrence,11,0.0,14.0,0,1,dino_prior_only_signal,14.0
nutrients||toxicity,nutrients,toxicity,ENV_FACTOR,BIOLOGICAL_PROCESS,environment_associated_with_process,7,8.0,6.0,1,1,cyano_and_dino_prior_signal,14.0
biosynthesis||nutrient,nutrient,biosynthesis,ENV_FACTOR,BIOLOGICAL_PROCESS,environment_associated_with_process,6,8.0,6.0,1,1,cyano_and_dino_prior_signal,14.0
light||temperature,temperature,light,ENV_FACTOR,ENV_FACTOR,semantic_cooccurrence,6,4.0,10.0,1,1,cyano_and_dino_prior_signal,14.0
bloom||regulation,bloom,regulation,ENV_FACTOR,BIOLOGICAL_PROCESS,environment_associated_with_process,5,9.0,5.0,1,1,cyano_and_dino_prior_signal,14.0
cyanobacteria||nitrate,cyanobacteria,nitrate,CYANO_TAXON,ENV_FACTOR,semantic_cooccurrence,4,13.0,1.0,1,1,cyano_and_dino_prior_signal,14.0
dinoflagellates||harmful_algal_bloom,dinoflagellates,harmful_algal_bloom,DINO_TAXON,BIOLOGICAL_PROCESS,semantic_cooccurrence;taxon_associated_with_process,21,4.0,9.0,1,1,cyano_and_dino_prior_signal,13.0
dinoflagellate||harmful_algal_bloom,dinoflagellate,harmful_algal_bloom,DINO_TAXON,ENV_FACTOR,semantic_cooccurrence;taxon_associated_with_process,15,4.0,9.0,1,1,cyano_and_dino_prior_signal,13.0
nitrogen||paralytic_shellfish_poisoning,paralytic_shellfish_poisoning,nitrogen,TOXIN,ENV_FACTOR,environment_associated_with_toxin,12,6.0,7.0,1,1,cyano_and_dino_prior_signal,13.0
dinoflagellates||nitrate,dinoflagellates,nitrate,DINO_TAXON,ENV_FACTOR,semantic_cooccurrence,12,5.0,8.0,1,1,cyano_and_dino_prior_signal,13.0
dinoflagellate||nutrients,dinoflagellate,nutrients,DINO_TAXON,ENV_FACTOR,semantic_cooccurrence,10,2.0,11.0,1,1,cyano_and_dino_prior_signal,13.0
bloom||expression,bloom,expression,ENV_FACTOR,BIOLOGICAL_PROCESS,environment_associated_with_process,8,10.0,3.0,1,1,cyano_and_dino_prior_signal,13.0
nitrate||nutrient,nitrate,nutrient,ENV_FACTOR,ENV_FACTOR,semantic_cooccurrence,6,5.0,8.0,1,1,cyano_and_dino_prior_signal,13.0
phosphorus||toxicity,phosphorus,toxicity,ENV_FACTOR,BIOLOGICAL_PROCESS,environment_associated_with_process,4,11.0,2.0,1,1,cyano_and_dino_prior_signal,13.0
bloom||dolichospermum,dolichospermum,bloom,CYANO_TAXON,ENV_FACTOR,semantic_cooccurrence,1,13.0,0.0,1,0,cyano_only_prior_signal,13.0
dinoflagellates||temperature,dinoflagellates,temperature,DINO_TAXON,ENV_FACTOR,semantic_cooccurrence,16,3.0,9.0,1,1,cyano_and_dino_prior_signal,12.0
paralytic_shellfish_poisoning||temperature,paralytic_shellfish_poisoning,temperature,TOXIN,ENV_FACTOR,environment_associated_with_toxin,14,5.0,7.0,1,1,cyano_and_dino_prior_signal,12.0
bloom||temperature,temperature,bloom,ENV_FACTOR,ENV_FACTOR,semantic_cooccurrence,11,6.0,6.0,1,1,cyano_and_dino_prior_signal,12.0
alexandrium||phosphate,alexandrium,phosphate,DINO_TAXON,ENV_FACTOR,semantic_cooccurrence,6,1.0,11.0,1,1,cyano_and_dino_prior_signal,12.0
saxitoxin||warming,saxitoxin,warming,TOXIN,ENV_FACTOR,environment_associated_with_toxin,6,9.0,3.0,1,1,cyano_and_dino_prior_signal,12.0
phosphate||saxitoxin,saxitoxin,phosphate,TOXIN,ENV_FACTOR,environment_associated_with_toxin,4,7.0,5.0,1,1,cyano_and_dino_prior_signal,12.0
expression||nutrient,nutrient,expression,ENV_FACTOR,BIOLOGICAL_PROCESS,environment_associated_with_process,4,7.0,5.0,1,1,cyano_and_dino_prior_signal,12.0
nutrient||regulation,nutrient,regulation,ENV_FACTOR,BIOLOGICAL_PROCESS,environment_associated_with_process,4,6.0,6.0,1,1,cyano_and_dino_prior_signal,12.0
cyanobacteria||warming,cyanobacteria,warming,CYANO_TAXON,ENV_FACTOR,semantic_cooccurrence,1,12.0,0.0,1,0,cyano_only_prior_signal,12.0
alexandrium||salinity,alexandrium,salinity,DINO_TAXON,ENV_FACTOR,semantic_cooccurrence,18,0.0,11.0,0,1,dino_prior_only_signal,11.0
paralytic_shellfish_toxins||temperature,paralytic_shellfish_toxins,temperature,TOXIN,ENV_FACTOR,environment_associated_with_toxin,16,2.0,9.0,1,1,cyano_and_dino_prior_signal,11.0
alexandrium||nutrients,alexandrium,nutrients,DINO_TAXON,ENV_FACTOR,semantic_cooccurrence,10,1.0,10.0,1,1,cyano_and_dino_prior_signal,11.0
nutrient||salinity,salinity,nutrient,ENV_FACTOR,ENV_FACTOR,semantic_cooccurrence,8,2.0,9.0,1,1,cyano_and_dino_prior_signal,11.0
dinoflagellate||phosphorus,dinoflagellate,phosphorus,DINO_TAXON,ENV_FACTOR,semantic_cooccurrence,6,2.0,9.0,1,1,cyano_and_dino_prior_signal,11.0
phosphate||toxin_production,phosphate,toxin_production,ENV_FACTOR,BIOLOGICAL_PROCESS,environment_associated_with_process,5,2.0,9.0,1,1,cyano_and_dino_prior_signal,11.0
phosphorus||toxin_production,phosphorus,toxin_production,ENV_FACTOR,BIOLOGICAL_PROCESS,environment_associated_with_process,4,6.0,5.0,1,1,cyano_and_dino_prior_signal,11.0
paralytic_shellfish_toxins||phosphorus,paralytic_shellfish_toxins,phosphorus,TOXIN,ENV_FACTOR,environment_associated_with_toxin,2,6.0,5.0,1,1,cyano_and_dino_prior_signal,11.0
bloom||lc_ms,bloom,lc_ms,ENV_FACTOR,DETECTION_METHOD,semantic_cooccurrence,2,9.0,2.0,1,1,cyano_and_dino_prior_signal,11.0
expression||nitrogen,nitrogen,expression,ENV_FACTOR,BIOLOGICAL_PROCESS,environment_associated_with_process,9,8.0,2.0,1,1,cyano_and_dino_prior_signal,10.0
light||toxicity,light,toxicity,ENV_FACTOR,BIOLOGICAL_PROCESS,environment_associated_with_process,9,1.0,9.0,1,1,cyano_and_dino_prior_signal,10.0
light||paralytic_shellfish_poisoning,paralytic_shellfish_poisoning,light,TOXIN,ENV_FACTOR,environment_associated_with_toxin,8,2.0,8.0,1,1,cyano_and_dino_prior_signal,10.0
paralytic_shellfish_poisoning||phosphorus,paralytic_shellfish_poisoning,phosphorus,TOXIN,ENV_FACTOR,environment_associated_with_toxin,7,4.0,6.0,1,1,cyano_and_dino_prior_signal,10.0
nitrogen||regulation,nitrogen,regulation,ENV_FACTOR,BIOLOGICAL_PROCESS,environment_associated_with_process,7,5.0,5.0,1,1,cyano_and_dino_prior_signal,10.0
alexandrium_minutum||bloom,alexandrium_minutum,bloom,DINO_TAXON,ENV_FACTOR,semantic_cooccurrence,6,2.0,8.0,1,1,cyano_and_dino_prior_signal,10.0
alexandrium_minutum||nutrient,alexandrium_minutum,nutrient,DINO_TAXON,ENV_FACTOR,semantic_cooccurrence,5,2.0,8.0,1,1,cyano_and_dino_prior_signal,10.0
bloom||light,light,bloom,ENV_FACTOR,ENV_FACTOR,semantic_cooccurrence,5,6.0,4.0,1,1,cyano_and_dino_prior_signal,10.0
nitrate||paralytic_shellfish_toxins,paralytic_shellfish_toxins,nitrate,TOXIN,ENV_FACTOR,environment_associated_with_toxin,5,2.0,8.0,1,1,cyano_and_dino_prior_signal,10.0
light||salinity,salinity,light,ENV_FACTOR,ENV_FACTOR,semantic_cooccurrence,4,2.0,8.0,1,1,cyano_and_dino_prior_signal,10.0
cyanobacterial||harmful_algal_bloom,cyanobacterial,harmful_algal_bloom,CYANO_TAXON,ENV_FACTOR,semantic_cooccurrence;taxon_associated_with_process,2,9.0,1.0,1,1,cyano_and_dino_prior_signal,10.0
nitrate||paralytic_shellfish_poisoning,paralytic_shellfish_poisoning,nitrate,TOXIN,ENV_FACTOR,environment_associated_with_toxin,8,5.0,4.0,1,1,cyano_and_dino_prior_signal,9.0
harmful_algal_bloom||toxicity,harmful_algal_bloom,toxicity,ENV_FACTOR,BIOLOGICAL_PROCESS,environment_associated_with_process;semantic_cooccurrence,8,3.0,6.0,1,1,cyano_and_dino_prior_signal,9.0
nitrogen||sxta,sxta,nitrogen,SXT_GENE,ENV_FACTOR,semantic_cooccurrence,8,8.0,1.0,1,1,cyano_and_dino_prior_signal,9.0
nutrients||temperature,temperature,nutrients,ENV_FACTOR,ENV_FACTOR,semantic_cooccurrence,7,7.0,2.0,1,1,cyano_and_dino_prior_signal,9.0
nitrate||nutrients,nitrate,nutrients,ENV_FACTOR,ENV_FACTOR,semantic_cooccurrence,6,4.0,5.0,1,1,cyano_and_dino_prior_signal,9.0
bloom||gonyautoxin,gonyautoxin,bloom,TOXIN,ENV_FACTOR,environment_associated_with_toxin,6,5.0,4.0,1,1,cyano_and_dino_prior_signal,9.0
light||nutrient,nutrient,light,ENV_FACTOR,ENV_FACTOR,semantic_cooccurrence,5,4.0,5.0,1,1,cyano_and_dino_prior_signal,9.0
climate||temperature,temperature,climate,ENV_FACTOR,ENV_FACTOR,semantic_cooccurrence,5,8.0,1.0,1,1,cyano_and_dino_prior_signal,9.0
dinoflagellates||phosphorus,dinoflagellates,phosphorus,DINO_TAXON,ENV_FACTOR,semantic_cooccurrence,5,5.0,4.0,1,1,cyano_and_dino_prior_signal,9.0
bloom||nitrate,nitrate,bloom,ENV_FACTOR,ENV_FACTOR,semantic_cooccurrence,4,5.0,4.0,1,1,cyano_and_dino_prior_signal,9.0
alexandrium_fundyense||bloom,alexandrium_fundyense,bloom,DINO_TAXON,ENV_FACTOR,semantic_cooccurrence,3,1.0,8.0,1,1,cyano_and_dino_prior_signal,9.0
nutrient||phosphate,phosphate,nutrient,ENV_FACTOR,ENV_FACTOR,semantic_cooccurrence,3,3.0,6.0,1,1,cyano_and_dino_prior_signal,9.0
salinity||toxin_production,salinity,toxin_production,ENV_FACTOR,BIOLOGICAL_PROCESS,environment_associated_with_process,3,1.0,8.0,1,1,cyano_and_dino_prior_signal,9.0
nitrate||phosphate,nitrate,phosphate,ENV_FACTOR,ENV_FACTOR,semantic_cooccurrence,2,2.0,7.0,1,1,cyano_and_dino_prior_signal,9.0
cyanobacterium||nutrient,cyanobacterium,nutrient,CYANO_TAXON,ENV_FACTOR,semantic_cooccurrence,1,9.0,0.0,1,0,cyano_only_prior_signal,9.0
climate||dinoflagellate,dinoflagellate,climate,DINO_TAXON,ENV_FACTOR,semantic_cooccurrence,8,3.0,5.0,1,1,cyano_and_dino_prior_signal,8.0
biosynthesis||temperature,temperature,biosynthesis,ENV_FACTOR,BIOLOGICAL_PROCESS,environment_associated_with_process,8,5.0,3.0,1,1,cyano_and_dino_prior_signal,8.0
alexandrium_minutum||nitrogen,alexandrium_minutum,nitrogen,DINO_TAXON,ENV_FACTOR,semantic_cooccurrence,6,2.0,6.0,1,1,cyano_and_dino_prior_signal,8.0
biosynthesis||light,light,biosynthesis,ENV_FACTOR,BIOLOGICAL_PROCESS,environment_associated_with_process,5,5.0,3.0,1,1,cyano_and_dino_prior_signal,8.0
phosphorus||sxta,sxta,phosphorus,SXT_GENE,ENV_FACTOR,semantic_cooccurrence,3,7.0,1.0,1,1,cyano_and_dino_prior_signal,8.0
biosynthesis||phosphorus,phosphorus,biosynthesis,ENV_FACTOR,BIOLOGICAL_PROCESS,environment_associated_with_process,3,6.0,2.0,1,1,cyano_and_dino_prior_signal,8.0
alexandrium_minutum||nitrate,alexandrium_minutum,nitrate,DINO_TAXON,ENV_FACTOR,semantic_cooccurrence,3,2.0,6.0,1,1,cyano_and_dino_prior_signal,8.0
expression||phosphorus,phosphorus,expression,ENV_FACTOR,BIOLOGICAL_PROCESS,environment_associated_with_process,2,6.0,2.0,1,1,cyano_and_dino_prior_signal,8.0
alexandrium_tamarense||nutrient,alexandrium_tamarense,nutrient,DINO_TAXON,ENV_FACTOR,semantic_cooccurrence,2,1.0,7.0,1,1,cyano_and_dino_prior_signal,8.0
alexandrium_tamarense||nitrogen,alexandrium_tamarense,nitrogen,DINO_TAXON,ENV_FACTOR,semantic_cooccurrence,2,1.0,7.0,1,1,cyano_and_dino_prior_signal,8.0
nutrients||sxta,sxta,nutrients,SXT_GENE,ENV_FACTOR,semantic_cooccurrence,2,8.0,0.0,1,0,cyano_only_prior_signal,8.0
alexandrium_tamarense||nitrate,alexandrium_tamarense,nitrate,DINO_TAXON,ENV_FACTOR,semantic_cooccurrence,1,0.0,8.0,0,1,dino_prior_only_signal,8.0
alexandrium_catenella||bloom,alexandrium_catenella,bloom,DINO_TAXON,ENV_FACTOR,semantic_cooccurrence,25,0.0,7.0,0,1,dino_prior_only_signal,7.0
alexandrium||climate,alexandrium,climate,DINO_TAXON,ENV_FACTOR,semantic_cooccurrence,14,1.0,6.0,1,1,cyano_and_dino_prior_signal,7.0
climate||dinoflagellates,dinoflagellates,climate,DINO_TAXON,ENV_FACTOR,semantic_cooccurrence,10,4.0,3.0,1,1,cyano_and_dino_prior_signal,7.0
paralytic_shellfish_poisoning||salinity,paralytic_shellfish_poisoning,salinity,TOXIN,ENV_FACTOR,environment_associated_with_toxin,8,1.0,6.0,1,1,cyano_and_dino_prior_signal,7.0
dinoflagellates||nutrients,dinoflagellates,nutrients,DINO_TAXON,ENV_FACTOR,semantic_cooccurrence,8,4.0,3.0,1,1,cyano_and_dino_prior_signal,7.0
pyrodinium_bahamense||temperature,pyrodinium_bahamense,temperature,DINO_TAXON,ENV_FACTOR,semantic_cooccurrence,5,2.0,5.0,1,1,cyano_and_dino_prior_signal,7.0
pyrodinium||temperature,pyrodinium,temperature,DINO_TAXON,ENV_FACTOR,semantic_cooccurrence,5,2.0,5.0,1,1,cyano_and_dino_prior_signal,7.0
hplc||temperature,temperature,hplc,ENV_FACTOR,DETECTION_METHOD,semantic_cooccurrence,4,1.0,6.0,1,1,cyano_and_dino_prior_signal,7.0
biosynthesis||phosphate,phosphate,biosynthesis,ENV_FACTOR,BIOLOGICAL_PROCESS,environment_associated_with_process,4,4.0,3.0,1,1,cyano_and_dino_prior_signal,7.0
nutrient||sxta,sxta,nutrient,SXT_GENE,ENV_FACTOR,semantic_cooccurrence,4,5.0,2.0,1,1,cyano_and_dino_prior_signal,7.0
alexandrium_minutum||phosphorus,alexandrium_minutum,phosphorus,DINO_TAXON,ENV_FACTOR,semantic_cooccurrence,4,2.0,5.0,1,1,cyano_and_dino_prior_signal,7.0
nitrate||temperature,temperature,nitrate,ENV_FACTOR,ENV_FACTOR,semantic_cooccurrence,4,3.0,4.0,1,1,cyano_and_dino_prior_signal,7.0
dinoflagellate||phosphate,dinoflagellate,phosphate,DINO_TAXON,ENV_FACTOR,semantic_cooccurrence,4,0.0,7.0,0,1,dino_prior_only_signal,7.0
nitrate||phosphorus,phosphorus,nitrate,ENV_FACTOR,ENV_FACTOR,semantic_cooccurrence,3,5.0,2.0,1,1,cyano_and_dino_prior_signal,7.0
toxicity||warming,warming,toxicity,ENV_FACTOR,BIOLOGICAL_PROCESS,environment_associated_with_process,3,4.0,3.0,1,1,cyano_and_dino_prior_signal,7.0
alexandrium_minutum||light,alexandrium_minutum,light,DINO_TAXON,ENV_FACTOR,semantic_cooccurrence,3,1.0,6.0,1,1,cyano_and_dino_prior_signal,7.0
light||nitrogen,nitrogen,light,ENV_FACTOR,ENV_FACTOR,semantic_cooccurrence,2,4.0,3.0,1,1,cyano_and_dino_prior_signal,7.0
nutrient||toxin_biosynthesis,nutrient,toxin_biosynthesis,ENV_FACTOR,BIOLOGICAL_PROCESS,environment_associated_with_process,2,2.0,5.0,1,1,cyano_and_dino_prior_signal,7.0
alexandrium_tamarense||temperature,alexandrium_tamarense,temperature,DINO_TAXON,ENV_FACTOR,semantic_cooccurrence,2,0.0,7.0,0,1,dino_prior_only_signal,7.0
bloom||lc_ms_ms,bloom,lc_ms_ms,ENV_FACTOR,DETECTION_METHOD,semantic_cooccurrence,2,7.0,0.0,1,0,cyano_only_prior_signal,7.0
phosphorus||regulation,phosphorus,regulation,ENV_FACTOR,BIOLOGICAL_PROCESS,environment_associated_with_process,2,4.0,3.0,1,1,cyano_and_dino_prior_signal,7.0
bloom||transcription,bloom,transcription,ENV_FACTOR,BIOLOGICAL_PROCESS,environment_associated_with_process,1,6.0,1.0,1,1,cyano_and_dino_prior_signal,7.0
climate||toxin_production,climate,toxin_production,ENV_FACTOR,BIOLOGICAL_PROCESS,environment_associated_with_process,1,6.0,1.0,1,1,cyano_and_dino_prior_signal,7.0
alexandrium_fundyense||nutrient,alexandrium_fundyense,nutrient,DINO_TAXON,ENV_FACTOR,semantic_cooccurrence,1,0.0,7.0,0,1,dino_prior_only_signal,7.0
phosphate||toxicity,phosphate,toxicity,ENV_FACTOR,BIOLOGICAL_PROCESS,environment_associated_with_process,1,1.0,6.0,1,1,cyano_and_dino_prior_signal,7.0
dolichospermum||nutrients,dolichospermum,nutrients,CYANO_TAXON,ENV_FACTOR,semantic_cooccurrence,1,7.0,0.0,1,0,cyano_only_prior_signal,7.0
light||paralytic_shellfish_toxins,paralytic_shellfish_toxins,light,TOXIN,ENV_FACTOR,environment_associated_with_toxin,12,1.0,5.0,1,1,cyano_and_dino_prior_signal,6.0
harmful_algal_bloom||paralytic_shellfish_toxins,paralytic_shellfish_toxins,harmful_algal_bloom,TOXIN,BIOLOGICAL_PROCESS,environment_associated_with_toxin;process_associated_with_toxin,11,1.0,5.0,1,1,cyano_and_dino_prior_signal,6.0
climate||paralytic_shellfish_toxins,paralytic_shellfish_toxins,climate,TOXIN,ENV_FACTOR,environment_associated_with_toxin,9,3.0,3.0,1,1,cyano_and_dino_prior_signal,6.0
biosynthesis||nitrate,nitrate,biosynthesis,ENV_FACTOR,BIOLOGICAL_PROCESS,environment_associated_with_process,8,6.0,0.0,1,0,cyano_only_prior_signal,6.0
sxta||temperature,sxta,temperature,SXT_GENE,ENV_FACTOR,semantic_cooccurrence,7,5.0,1.0,1,1,cyano_and_dino_prior_signal,6.0
expression||nitrate,nitrate,expression,ENV_FACTOR,BIOLOGICAL_PROCESS,environment_associated_with_process,7,6.0,0.0,1,0,cyano_only_prior_signal,6.0
regulation||temperature,temperature,regulation,ENV_FACTOR,BIOLOGICAL_PROCESS,environment_associated_with_process,6,2.0,4.0,1,1,cyano_and_dino_prior_signal,6.0
nutrient||pyrodinium,pyrodinium,nutrient,DINO_TAXON,ENV_FACTOR,semantic_cooccurrence,5,2.0,4.0,1,1,cyano_and_dino_prior_signal,6.0
bloom||toxin_biosynthesis,bloom,toxin_biosynthesis,ENV_FACTOR,BIOLOGICAL_PROCESS,environment_associated_with_process,5,5.0,1.0,1,1,cyano_and_dino_prior_signal,6.0
nutrients||regulation,nutrients,regulation,ENV_FACTOR,BIOLOGICAL_PROCESS,environment_associated_with_process,5,3.0,3.0,1,1,cyano_and_dino_prior_signal,6.0
nutrient||pyrodinium_bahamense,pyrodinium_bahamense,nutrient,DINO_TAXON,ENV_FACTOR,semantic_cooccurrence,5,2.0,4.0,1,1,cyano_and_dino_prior_signal,6.0
temperature||warming,temperature,warming,ENV_FACTOR,ENV_FACTOR,semantic_cooccurrence,4,4.0,2.0,1,1,cyano_and_dino_prior_signal,6.0
light||regulation,light,regulation,ENV_FACTOR,BIOLOGICAL_PROCESS,environment_associated_with_process,4,2.0,4.0,1,1,cyano_and_dino_prior_signal,6.0
nitrogen||temperature,temperature,nitrogen,ENV_FACTOR,ENV_FACTOR,semantic_cooccurrence,3,5.0,1.0,1,1,cyano_and_dino_prior_signal,6.0
expression||light,light,expression,ENV_FACTOR,BIOLOGICAL_PROCESS,environment_associated_with_process,3,3.0,3.0,1,1,cyano_and_dino_prior_signal,6.0
climate||nutrient,nutrient,climate,ENV_FACTOR,ENV_FACTOR,semantic_cooccurrence,3,4.0,2.0,1,1,cyano_and_dino_prior_signal,6.0
hplc||light,light,hplc,ENV_FACTOR,DETECTION_METHOD,semantic_cooccurrence,2,1.0,5.0,1,1,cyano_and_dino_prior_signal,6.0
nitrogen||salinity,salinity,nitrogen,ENV_FACTOR,ENV_FACTOR,semantic_cooccurrence,2,3.0,3.0,1,1,cyano_and_dino_prior_signal,6.0
bloom||transcriptomic,bloom,transcriptomic,ENV_FACTOR,BIOLOGICAL_PROCESS,environment_associated_with_process,2,4.0,2.0,1,1,cyano_and_dino_prior_signal,6.0
gonyautoxin||nutrient,gonyautoxin,nutrient,TOXIN,ENV_FACTOR,environment_associated_with_toxin,2,0.0,6.0,0,1,dino_prior_only_signal,6.0
bloom||neosaxitoxin,neosaxitoxin,bloom,TOXIN,ENV_FACTOR,environment_associated_with_toxin,2,5.0,1.0,1,1,cyano_and_dino_prior_signal,6.0
light||pyrodinium,pyrodinium,light,DINO_TAXON,ENV_FACTOR,semantic_cooccurrence,2,1.0,5.0,1,1,cyano_and_dino_prior_signal,6.0
light||pyrodinium_bahamense,pyrodinium_bahamense,light,DINO_TAXON,ENV_FACTOR,semantic_cooccurrence,2,1.0,5.0,1,1,cyano_and_dino_prior_signal,6.0
alexandrium_minutum||phosphate,alexandrium_minutum,phosphate,DINO_TAXON,ENV_FACTOR,semantic_cooccurrence,2,1.0,5.0,1,1,cyano_and_dino_prior_signal,6.0
gonyautoxin||salinity,gonyautoxin,salinity,TOXIN,ENV_FACTOR,environment_associated_with_toxin,1,0.0,6.0,0,1,dino_prior_only_signal,6.0
aphanizomenon||temperature,aphanizomenon,temperature,CYANO_TAXON,ENV_FACTOR,semantic_cooccurrence,1,6.0,0.0,1,0,cyano_only_prior_signal,6.0
hplc||nitrogen,nitrogen,hplc,ENV_FACTOR,DETECTION_METHOD,semantic_cooccurrence,1,3.0,3.0,1,1,cyano_and_dino_prior_signal,6.0
harmful_algal_bloom||phosphorus,phosphorus,harmful_algal_bloom,ENV_FACTOR,BIOLOGICAL_PROCESS,environment_associated_with_process,1,4.0,2.0,1,1,cyano_and_dino_prior_signal,6.0
alexandrium_tamarense||light,alexandrium_tamarense,light,DINO_TAXON,ENV_FACTOR,semantic_cooccurrence,1,0.0,6.0,0,1,dino_prior_only_signal,6.0
nitrate||salinity,salinity,nitrate,ENV_FACTOR,ENV_FACTOR,semantic_cooccurrence,1,1.0,5.0,1,1,cyano_and_dino_prior_signal,6.0
paralytic_shellfish_toxins||salinity,paralytic_shellfish_toxins,salinity,TOXIN,ENV_FACTOR,environment_associated_with_toxin,11,0.0,5.0,0,1,dino_prior_only_signal,5.0
nutrients||paralytic_shellfish_poisoning,paralytic_shellfish_poisoning,nutrients,TOXIN,ENV_FACTOR,environment_associated_with_toxin,6,2.0,3.0,1,1,cyano_and_dino_prior_signal,5.0
nutrients||salinity,salinity,nutrients,ENV_FACTOR,ENV_FACTOR,semantic_cooccurrence,5,2.0,3.0,1,1,cyano_and_dino_prior_signal,5.0
nitrate||regulation,nitrate,regulation,ENV_FACTOR,BIOLOGICAL_PROCESS,environment_associated_with_process,5,2.0,3.0,1,1,cyano_and_dino_prior_signal,5.0
biosynthesis||harmful_algal_bloom,harmful_algal_bloom,biosynthesis,ENV_FACTOR,BIOLOGICAL_PROCESS,environment_associated_with_process;semantic_cooccurrence,4,4.0,1.0,1,1,cyano_and_dino_prior_signal,5.0
bloom||saxitoxin_biosynthesis,bloom,saxitoxin_biosynthesis,ENV_FACTOR,BIOLOGICAL_PROCESS,environment_associated_with_process,4,5.0,0.0,1,0,cyano_only_prior_signal,5.0
nitrogen||transcriptomic,nitrogen,transcriptomic,ENV_FACTOR,BIOLOGICAL_PROCESS,environment_associated_with_process,4,4.0,1.0,1,1,cyano_and_dino_prior_signal,5.0
nitrogen||phosphate,nitrogen,phosphate,ENV_FACTOR,ENV_FACTOR,semantic_cooccurrence,4,2.0,3.0,1,1,cyano_and_dino_prior_signal,5.0
light||sxta,sxta,light,SXT_GENE,ENV_FACTOR,semantic_cooccurrence,4,3.0,2.0,1,1,cyano_and_dino_prior_signal,5.0
nutrients||phosphate,phosphate,nutrients,ENV_FACTOR,ENV_FACTOR,semantic_cooccurrence,3,2.0,3.0,1,1,cyano_and_dino_prior_signal,5.0
paralytic_shellfish_toxins||phosphate,paralytic_shellfish_toxins,phosphate,TOXIN,ENV_FACTOR,environment_associated_with_toxin,3,2.0,3.0,1,1,cyano_and_dino_prior_signal,5.0
climate||warming,warming,climate,ENV_FACTOR,ENV_FACTOR,semantic_cooccurrence,3,5.0,0.0,1,0,cyano_only_prior_signal,5.0
pyrodinium_bahamense||salinity,pyrodinium_bahamense,salinity,DINO_TAXON,ENV_FACTOR,semantic_cooccurrence,2,0.0,5.0,0,1,dino_prior_only_signal,5.0
cyanobacteria||phosphate,cyanobacteria,phosphate,CYANO_TAXON,ENV_FACTOR,semantic_cooccurrence,2,5.0,0.0,1,0,cyano_only_prior_signal,5.0
bloom||transcriptome,bloom,transcriptome,ENV_FACTOR,BIOLOGICAL_PROCESS,environment_associated_with_process,2,3.0,2.0,1,1,cyano_and_dino_prior_signal,5.0
bloom||sxt_genes,sxt_genes,bloom,SXT_GENE,ENV_FACTOR,semantic_cooccurrence,2,4.0,1.0,1,1,cyano_and_dino_prior_signal,5.0
pyrodinium||salinity,pyrodinium,salinity,DINO_TAXON,ENV_FACTOR,semantic_cooccurrence,2,0.0,5.0,0,1,dino_prior_only_signal,5.0
climate||climate_change,climate,climate_change,ENV_FACTOR,ENV_FACTOR,semantic_cooccurrence,2,5.0,0.0,1,0,cyano_only_prior_signal,5.0
lc_ms||light,light,lc_ms,ENV_FACTOR,DETECTION_METHOD,semantic_cooccurrence,1,4.0,1.0,1,1,cyano_and_dino_prior_signal,5.0
light||transcriptome,light,transcriptome,ENV_FACTOR,BIOLOGICAL_PROCESS,environment_associated_with_process,1,2.0,3.0,1,1,cyano_and_dino_prior_signal,5.0
light||nitrate,nitrate,light,ENV_FACTOR,ENV_FACTOR,semantic_cooccurrence,1,0.0,5.0,0,1,dino_prior_only_signal,5.0
elisa||nutrients,nutrients,elisa,ENV_FACTOR,DETECTION_METHOD,semantic_cooccurrence,1,5.0,0.0,1,0,cyano_only_prior_signal,5.0
bloom||sxti,sxti,bloom,SXT_GENE,ENV_FACTOR,semantic_cooccurrence,1,5.0,0.0,1,0,cyano_only_prior_signal,5.0
dolichospermum||nutrient,dolichospermum,nutrient,CYANO_TAXON,ENV_FACTOR,semantic_cooccurrence,1,5.0,0.0,1,0,cyano_only_prior_signal,5.0
gene_expression||nutrient,nutrient,gene_expression,ENV_FACTOR,BIOLOGICAL_PROCESS,environment_associated_with_process,1,3.0,2.0,1,1,cyano_and_dino_prior_signal,5.0
phosphate||saxitoxin_biosynthesis,phosphate,saxitoxin_biosynthesis,ENV_FACTOR,BIOLOGICAL_PROCESS,environment_associated_with_process,1,2.0,3.0,1,1,cyano_and_dino_prior_signal,5.0
bloom||warming,warming,bloom,ENV_FACTOR,ENV_FACTOR,semantic_cooccurrence,1,3.0,2.0,1,1,cyano_and_dino_prior_signal,5.0
dinoflagellates||salinity,dinoflagellates,salinity,DINO_TAXON,ENV_FACTOR,semantic_cooccurrence,10,1.0,3.0,1,1,cyano_and_dino_prior_signal,4.0
alexandrium_catenella||harmful_algal_bloom,alexandrium_catenella,harmful_algal_bloom,DINO_TAXON,BIOLOGICAL_PROCESS,semantic_cooccurrence;taxon_associated_with_process,9,0.0,4.0,0,1,dino_prior_only_signal,4.0
nitrate||sxta,sxta,nitrate,SXT_GENE,ENV_FACTOR,semantic_cooccurrence,7,4.0,0.0,1,0,cyano_only_prior_signal,4.0
alexandrium_catenella||nutrient,alexandrium_catenella,nutrient,DINO_TAXON,ENV_FACTOR,semantic_cooccurrence,7,0.0,4.0,0,1,dino_prior_only_signal,4.0
harmful_algal_bloom||pyrodinium,pyrodinium,harmful_algal_bloom,DINO_TAXON,ENV_FACTOR,semantic_cooccurrence;taxon_associated_with_process,7,2.0,2.0,1,1,cyano_and_dino_prior_signal,4.0
nutrients||paralytic_shellfish_toxins,paralytic_shellfish_toxins,nutrients,TOXIN,ENV_FACTOR,environment_associated_with_toxin,6,1.0,3.0,1,1,cyano_and_dino_prior_signal,4.0
bloom||salinity,salinity,bloom,ENV_FACTOR,ENV_FACTOR,semantic_cooccurrence,6,2.0,2.0,1,1,cyano_and_dino_prior_signal,4.0
climate||paralytic_shellfish_poisoning,paralytic_shellfish_poisoning,climate,TOXIN,ENV_FACTOR,environment_associated_with_toxin,5,1.0,3.0,1,1,cyano_and_dino_prior_signal,4.0
harmful_algal_bloom||toxin_production,harmful_algal_bloom,toxin_production,ENV_FACTOR,BIOLOGICAL_PROCESS,environment_associated_with_process;semantic_cooccurrence,5,3.0,1.0,1,1,cyano_and_dino_prior_signal,4.0
bloom||sxtg,sxtg,bloom,SXT_GENE,ENV_FACTOR,semantic_cooccurrence,5,3.0,1.0,1,1,cyano_and_dino_prior_signal,4.0
light||nutrients,nutrients,light,ENV_FACTOR,ENV_FACTOR,semantic_cooccurrence,5,1.0,3.0,1,1,cyano_and_dino_prior_signal,4.0
harmful_algal_bloom||nutrient,nutrient,harmful_algal_bloom,ENV_FACTOR,BIOLOGICAL_PROCESS,environment_associated_with_process;semantic_cooccurrence,4,2.0,2.0,1,1,cyano_and_dino_prior_signal,4.0
harmful_algal_bloom||temperature,temperature,harmful_algal_bloom,ENV_FACTOR,ENV_FACTOR,environment_associated_with_process;semantic_cooccurrence,4,3.0,1.0,1,1,cyano_and_dino_prior_signal,4.0
nutrient||transcriptomic,nutrient,transcriptomic,ENV_FACTOR,BIOLOGICAL_PROCESS,environment_associated_with_process,4,3.0,1.0,1,1,cyano_and_dino_prior_signal,4.0
hplc||nutrient,nutrient,hplc,ENV_FACTOR,DETECTION_METHOD,semantic_cooccurrence,4,2.0,2.0,1,1,cyano_and_dino_prior_signal,4.0
expression||temperature,temperature,expression,ENV_FACTOR,BIOLOGICAL_PROCESS,environment_associated_with_process,4,4.0,0.0,1,0,cyano_only_prior_signal,4.0
harmful_algal_bloom||sxta,sxta,harmful_algal_bloom,SXT_GENE,ENV_FACTOR,gene_associated_with_process;semantic_cooccurrence,3,2.0,2.0,1,1,cyano_and_dino_prior_signal,4.0
bloom||evolution,bloom,evolution,ENV_FACTOR,BIOLOGICAL_PROCESS,environment_associated_with_process,3,3.0,1.0,1,1,cyano_and_dino_prior_signal,4.0
biosynthesis||climate,climate,biosynthesis,ENV_FACTOR,BIOLOGICAL_PROCESS,environment_associated_with_process,3,3.0,1.0,1,1,cyano_and_dino_prior_signal,4.0
phosphorus||transcriptomic,phosphorus,transcriptomic,ENV_FACTOR,BIOLOGICAL_PROCESS,environment_associated_with_process,3,4.0,0.0,1,0,cyano_only_prior_signal,4.0
nutrient||saxitoxin_biosynthesis,nutrient,saxitoxin_biosynthesis,ENV_FACTOR,BIOLOGICAL_PROCESS,environment_associated_with_process,3,2.0,2.0,1,1,cyano_and_dino_prior_signal,4.0
dinoflagellates||phosphate,dinoflagellates,phosphate,DINO_TAXON,ENV_FACTOR,semantic_cooccurrence,3,2.0,2.0,1,1,cyano_and_dino_prior_signal,4.0
sxt_genes||temperature,sxt_genes,temperature,SXT_GENE,ENV_FACTOR,semantic_cooccurrence,3,4.0,0.0,1,0,cyano_only_prior_signal,4.0
harmful_algal_bloom||nutrients,nutrients,harmful_algal_bloom,ENV_FACTOR,BIOLOGICAL_PROCESS,environment_associated_with_process;semantic_cooccurrence,3,3.0,1.0,1,1,cyano_and_dino_prior_signal,4.0
saxitoxin_biosynthesis||temperature,temperature,saxitoxin_biosynthesis,ENV_FACTOR,BIOLOGICAL_PROCESS,environment_associated_with_process,2,1.0,3.0,1,1,cyano_and_dino_prior_signal,4.0
bloom||phosphate,phosphate,bloom,ENV_FACTOR,ENV_FACTOR,semantic_cooccurrence,2,3.0,1.0,1,1,cyano_and_dino_prior_signal,4.0
nutrient||phylogenetic,nutrient,phylogenetic,ENV_FACTOR,BIOLOGICAL_PROCESS,environment_associated_with_process,2,2.0,2.0,1,1,cyano_and_dino_prior_signal,4.0
harmful_algal_bloom||hplc,harmful_algal_bloom,hplc,ENV_FACTOR,DETECTION_METHOD,semantic_cooccurrence,2,1.0,3.0,1,1,cyano_and_dino_prior_signal,4.0
harmful_algal_bloom||sxt_genes,sxt_genes,harmful_algal_bloom,SXT_GENE,ENV_FACTOR,semantic_cooccurrence,2,4.0,0.0,1,0,cyano_only_prior_signal,4.0
nutrient||sxtg,sxtg,nutrient,SXT_GENE,ENV_FACTOR,semantic_cooccurrence,2,2.0,2.0,1,1,cyano_and_dino_prior_signal,4.0
alexandrium_minutum||temperature,alexandrium_minutum,temperature,DINO_TAXON,ENV_FACTOR,semantic_cooccurrence,2,0.0,4.0,0,1,dino_prior_only_signal,4.0
climate_change||cyanobacteria,cyanobacteria,climate_change,CYANO_TAXON,ENV_FACTOR,semantic_cooccurrence,1,4.0,0.0,1,0,cyano_only_prior_signal,4.0
irradiance||temperature,temperature,irradiance,ENV_FACTOR,ENV_FACTOR,semantic_cooccurrence,1,0.0,4.0,0,1,dino_prior_only_signal,4.0
phosphorus||temperature,temperature,phosphorus,ENV_FACTOR,ENV_FACTOR,semantic_cooccurrence,1,4.0,0.0,1,0,cyano_only_prior_signal,4.0
gtx||nutrient,gtx,nutrient,TOXIN,ENV_FACTOR,environment_associated_with_toxin,1,0.0,4.0,0,1,dino_prior_only_signal,4.0
phosphate||phosphorus,phosphorus,phosphate,ENV_FACTOR,ENV_FACTOR,semantic_cooccurrence,1,2.0,2.0,1,1,cyano_and_dino_prior_signal,4.0
nutrient||warming,nutrient,warming,ENV_FACTOR,ENV_FACTOR,semantic_cooccurrence,1,3.0,1.0,1,1,cyano_and_dino_prior_signal,4.0
light||transcriptomic,light,transcriptomic,ENV_FACTOR,BIOLOGICAL_PROCESS,environment_associated_with_process,1,2.0,2.0,1,1,cyano_and_dino_prior_signal,4.0
alexandrium||irradiance,alexandrium,irradiance,DINO_TAXON,ENV_FACTOR,semantic_cooccurrence,1,0.0,4.0,0,1,dino_prior_only_signal,4.0
climate||cyanobacterium,cyanobacterium,climate,CYANO_TAXON,ENV_FACTOR,semantic_cooccurrence,1,4.0,0.0,1,0,cyano_only_prior_signal,4.0
lc_ms_ms||light,light,lc_ms_ms,ENV_FACTOR,DETECTION_METHOD,semantic_cooccurrence,1,4.0,0.0,1,0,cyano_only_prior_signal,4.0
cylindrospermopsis||nutrients,cylindrospermopsis,nutrients,CYANO_TAXON,ENV_FACTOR,semantic_cooccurrence,1,4.0,0.0,1,0,cyano_only_prior_signal,4.0
gymnodinium||temperature,gymnodinium,temperature,DINO_TAXON,ENV_FACTOR,semantic_cooccurrence,9,0.0,3.0,0,1,dino_prior_only_signal,3.0
gymnodinium_catenatum||temperature,gymnodinium_catenatum,temperature,DINO_TAXON,ENV_FACTOR,semantic_cooccurrence,8,0.0,3.0,0,1,dino_prior_only_signal,3.0
harmful_algal_bloom||pyrodinium_bahamense,pyrodinium_bahamense,harmful_algal_bloom,DINO_TAXON,ENV_FACTOR,semantic_cooccurrence;taxon_associated_with_process,7,2.0,1.0,1,1,cyano_and_dino_prior_signal,3.0
nitrate||sxtg,sxtg,nitrate,SXT_GENE,ENV_FACTOR,semantic_cooccurrence,6,3.0,0.0,1,0,cyano_only_prior_signal,3.0
nitrogen||sxtg,sxtg,nitrogen,SXT_GENE,ENV_FACTOR,semantic_cooccurrence,6,2.0,1.0,1,1,cyano_and_dino_prior_signal,3.0
dinoflagellate||warming,dinoflagellate,warming,DINO_TAXON,ENV_FACTOR,semantic_cooccurrence,6,0.0,3.0,0,1,dino_prior_only_signal,3.0
alexandrium||warming,alexandrium,warming,DINO_TAXON,ENV_FACTOR,semantic_cooccurrence,5,0.0,3.0,0,1,dino_prior_only_signal,3.0
nitrogen||toxin_biosynthesis,nitrogen,toxin_biosynthesis,ENV_FACTOR,BIOLOGICAL_PROCESS,environment_associated_with_process,4,2.0,1.0,1,1,cyano_and_dino_prior_signal,3.0
gymnodinium||nutrients,gymnodinium,nutrients,DINO_TAXON,ENV_FACTOR,semantic_cooccurrence,4,0.0,3.0,0,1,dino_prior_only_signal,3.0
nitrogen||sxti,sxti,nitrogen,SXT_GENE,ENV_FACTOR,semantic_cooccurrence,4,3.0,0.0,1,0,cyano_only_prior_signal,3.0
nitrate||sxt_genes,sxt_genes,nitrate,SXT_GENE,ENV_FACTOR,semantic_cooccurrence,4,3.0,0.0,1,0,cyano_only_prior_signal,3.0
expression||nutrients,nutrients,expression,ENV_FACTOR,BIOLOGICAL_PROCESS,environment_associated_with_process,3,1.0,2.0,1,1,cyano_and_dino_prior_signal,3.0
bloom||gene_expression,bloom,gene_expression,ENV_FACTOR,BIOLOGICAL_PROCESS,environment_associated_with_process,3,2.0,1.0,1,1,cyano_and_dino_prior_signal,3.0
phosphorus||sxtg,sxtg,phosphorus,SXT_GENE,ENV_FACTOR,semantic_cooccurrence,3,2.0,1.0,1,1,cyano_and_dino_prior_signal,3.0
hplc||nutrients,nutrients,hplc,ENV_FACTOR,DETECTION_METHOD,semantic_cooccurrence,3,1.0,2.0,1,1,cyano_and_dino_prior_signal,3.0
nitrate||sxti,sxti,nitrate,SXT_GENE,ENV_FACTOR,semantic_cooccurrence,3,3.0,0.0,1,0,cyano_only_prior_signal,3.0
light||sxt_genes,sxt_genes,light,SXT_GENE,ENV_FACTOR,semantic_cooccurrence,2,2.0,1.0,1,1,cyano_and_dino_prior_signal,3.0
alexandrium_ostenfeldii||bloom,alexandrium_ostenfeldii,bloom,DINO_TAXON,ENV_FACTOR,semantic_cooccurrence,2,1.0,2.0,1,1,cyano_and_dino_prior_signal,3.0
gymnodinium||harmful_algal_bloom,gymnodinium,harmful_algal_bloom,DINO_TAXON,ENV_FACTOR,semantic_cooccurrence;taxon_associated_with_process,2,0.0,3.0,0,1,dino_prior_only_signal,3.0
hplc||nitrate,nitrate,hplc,ENV_FACTOR,DETECTION_METHOD,semantic_cooccurrence,2,0.0,3.0,0,1,dino_prior_only_signal,3.0
alexandrium_fundyense||light,alexandrium_fundyense,light,DINO_TAXON,ENV_FACTOR,semantic_cooccurrence,2,0.0,3.0,0,1,dino_prior_only_signal,3.0
nitrogen||sxt_genes,sxt_genes,nitrogen,SXT_GENE,ENV_FACTOR,semantic_cooccurrence,2,3.0,0.0,1,0,cyano_only_prior_signal,3.0
alexandrium_minutum||salinity,alexandrium_minutum,salinity,DINO_TAXON,ENV_FACTOR,semantic_cooccurrence,2,0.0,3.0,0,1,dino_prior_only_signal,3.0
harmful_algal_bloom||horizontal_gene_transfer,horizontal_gene_transfer,harmful_algal_bloom,BIOLOGICAL_PROCESS,BIOLOGICAL_PROCESS,environment_associated_with_process;semantic_cooccurrence,2,3.0,0.0,1,0,cyano_only_prior_signal,3.0
bloom||phylogeny,bloom,phylogeny,ENV_FACTOR,BIOLOGICAL_PROCESS,environment_associated_with_process,2,2.0,1.0,1,1,cyano_and_dino_prior_signal,3.0
phosphate||regulation,phosphate,regulation,ENV_FACTOR,BIOLOGICAL_PROCESS,environment_associated_with_process,2,1.0,2.0,1,1,cyano_and_dino_prior_signal,3.0
paralytic_shellfish_poisoning||phosphate,paralytic_shellfish_poisoning,phosphate,TOXIN,ENV_FACTOR,environment_associated_with_toxin,2,2.0,1.0,1,1,cyano_and_dino_prior_signal,3.0
alexandrium_minutum||nutrients,alexandrium_minutum,nutrients,DINO_TAXON,ENV_FACTOR,semantic_cooccurrence,2,1.0,2.0,1,1,cyano_and_dino_prior_signal,3.0
alexandrium_catenella||nutrients,alexandrium_catenella,nutrients,DINO_TAXON,ENV_FACTOR,semantic_cooccurrence,2,0.0,3.0,0,1,dino_prior_only_signal,3.0
dinoflagellate||irradiance,dinoflagellate,irradiance,DINO_TAXON,ENV_FACTOR,semantic_cooccurrence,1,0.0,3.0,0,1,dino_prior_only_signal,3.0
gymnodinium_catenatum||light,gymnodinium_catenatum,light,DINO_TAXON,ENV_FACTOR,semantic_cooccurrence,1,0.0,3.0,0,1,dino_prior_only_signal,3.0
phosphate||toxin_biosynthesis,phosphate,toxin_biosynthesis,ENV_FACTOR,BIOLOGICAL_PROCESS,environment_associated_with_process,1,1.0,2.0,1,1,cyano_and_dino_prior_signal,3.0
gtx||salinity,gtx,salinity,TOXIN,ENV_FACTOR,environment_associated_with_toxin,1,0.0,3.0,0,1,dino_prior_only_signal,3.0
climate||regulation,climate,regulation,ENV_FACTOR,BIOLOGICAL_PROCESS,environment_associated_with_process,1,3.0,0.0,1,0,cyano_only_prior_signal,3.0
neosaxitoxin||temperature,neosaxitoxin,temperature,TOXIN,ENV_FACTOR,environment_associated_with_toxin,1,1.0,2.0,1,1,cyano_and_dino_prior_signal,3.0
neosaxitoxin||nutrient,neosaxitoxin,nutrient,TOXIN,ENV_FACTOR,environment_associated_with_toxin,1,1.0,2.0,1,1,cyano_and_dino_prior_signal,3.0
dinoflagellates||irradiance,dinoflagellates,irradiance,DINO_TAXON,ENV_FACTOR,semantic_cooccurrence,1,0.0,3.0,0,1,dino_prior_only_signal,3.0
climate||phylogenetic,climate,phylogenetic,ENV_FACTOR,BIOLOGICAL_PROCESS,environment_associated_with_process,1,3.0,0.0,1,0,cyano_only_prior_signal,3.0
gymnodinium||light,gymnodinium,light,DINO_TAXON,ENV_FACTOR,semantic_cooccurrence,1,0.0,3.0,0,1,dino_prior_only_signal,3.0
expression||harmful_algal_bloom,harmful_algal_bloom,expression,ENV_FACTOR,BIOLOGICAL_PROCESS,environment_associated_with_process,1,2.0,1.0,1,1,cyano_and_dino_prior_signal,3.0
gonyautoxin||harmful_algal_bloom,gonyautoxin,harmful_algal_bloom,TOXIN,ENV_FACTOR,environment_associated_with_toxin,1,0.0,3.0,0,1,dino_prior_only_signal,3.0
bloom||sxtb,sxtb,bloom,SXT_GENE,ENV_FACTOR,semantic_cooccurrence,1,2.0,1.0,1,1,cyano_and_dino_prior_signal,3.0
cylindrospermopsis||nitrate,cylindrospermopsis,nitrate,CYANO_TAXON,ENV_FACTOR,semantic_cooccurrence,1,3.0,0.0,1,0,cyano_only_prior_signal,3.0
phosphorus||sxt_genes,sxt_genes,phosphorus,SXT_GENE,ENV_FACTOR,semantic_cooccurrence,1,3.0,0.0,1,0,cyano_only_prior_signal,3.0
alexandrium_fundyense||temperature,alexandrium_fundyense,temperature,DINO_TAXON,ENV_FACTOR,semantic_cooccurrence,1,0.0,3.0,0,1,dino_prior_only_signal,3.0
alexandrium_catenella||temperature,alexandrium_catenella,temperature,DINO_TAXON,ENV_FACTOR,semantic_cooccurrence,8,0.0,2.0,0,1,dino_prior_only_signal,2.0
paralytic_shellfish_toxins||warming,paralytic_shellfish_toxins,warming,TOXIN,ENV_FACTOR,environment_associated_with_toxin,7,2.0,0.0,1,0,cyano_only_prior_signal,2.0
climate||harmful_algal_bloom,climate,harmful_algal_bloom,ENV_FACTOR,BIOLOGICAL_PROCESS,environment_associated_with_process;semantic_cooccurrence,6,2.0,0.0,1,0,cyano_only_prior_signal,2.0
alexandrium_catenella||light,alexandrium_catenella,light,DINO_TAXON,ENV_FACTOR,semantic_cooccurrence,5,1.0,1.0,1,1,cyano_and_dino_prior_signal,2.0
nitrate||transcriptomic,nitrate,transcriptomic,ENV_FACTOR,BIOLOGICAL_PROCESS,environment_associated_with_process,4,2.0,0.0,1,0,cyano_only_prior_signal,2.0
biosynthesis||salinity,salinity,biosynthesis,ENV_FACTOR,BIOLOGICAL_PROCESS,environment_associated_with_process,4,1.0,1.0,1,1,cyano_and_dino_prior_signal,2.0
phosphate||sxta,sxta,phosphate,SXT_GENE,ENV_FACTOR,semantic_cooccurrence,3,2.0,0.0,1,0,cyano_only_prior_signal,2.0
nutrient||transcriptome,nutrient,transcriptome,ENV_FACTOR,BIOLOGICAL_PROCESS,environment_associated_with_process,3,1.0,1.0,1,1,cyano_and_dino_prior_signal,2.0
gene_expression||temperature,temperature,gene_expression,ENV_FACTOR,BIOLOGICAL_PROCESS,environment_associated_with_process,3,2.0,0.0,1,0,cyano_only_prior_signal,2.0
gymnodinium_catenatum||nutrients,gymnodinium_catenatum,nutrients,DINO_TAXON,ENV_FACTOR,semantic_cooccurrence,3,0.0,2.0,0,1,dino_prior_only_signal,2.0
biosynthesis||nutrients,nutrients,biosynthesis,ENV_FACTOR,BIOLOGICAL_PROCESS,environment_associated_with_process,3,2.0,0.0,1,0,cyano_only_prior_signal,2.0
mass_spectrometry||salinity,salinity,mass_spectrometry,ENV_FACTOR,DETECTION_METHOD,semantic_cooccurrence,3,1.0,1.0,1,1,cyano_and_dino_prior_signal,2.0
nitrogen||saxitoxin_biosynthesis,nitrogen,saxitoxin_biosynthesis,ENV_FACTOR,BIOLOGICAL_PROCESS,environment_associated_with_process,2,2.0,0.0,1,0,cyano_only_prior_signal,2.0
phosphorus||sxti,sxti,phosphorus,SXT_GENE,ENV_FACTOR,semantic_cooccurrence,2,2.0,0.0,1,0,cyano_only_prior_signal,2.0
climate||nutrients,nutrients,climate,ENV_FACTOR,ENV_FACTOR,semantic_cooccurrence,2,2.0,0.0,1,0,cyano_only_prior_signal,2.0
harmful_algal_bloom||regulation,harmful_algal_bloom,regulation,ENV_FACTOR,BIOLOGICAL_PROCESS,environment_associated_with_process;semantic_cooccurrence,2,2.0,0.0,1,0,cyano_only_prior_signal,2.0
dinoflagellates||warming,dinoflagellates,warming,DINO_TAXON,ENV_FACTOR,semantic_cooccurrence,2,1.0,1.0,1,1,cyano_and_dino_prior_signal,2.0
alexandrium_tamarense||salinity,alexandrium_tamarense,salinity,DINO_TAXON,ENV_FACTOR,semantic_cooccurrence,2,0.0,2.0,0,1,dino_prior_only_signal,2.0
harmful_algal_bloom||warming,warming,harmful_algal_bloom,ENV_FACTOR,BIOLOGICAL_PROCESS,environment_associated_with_process,2,0.0,2.0,0,1,dino_prior_only_signal,2.0
regulation||salinity,salinity,regulation,ENV_FACTOR,BIOLOGICAL_PROCESS,environment_associated_with_process,2,0.0,2.0,0,1,dino_prior_only_signal,2.0
paralytic_shellfish_poisoning||warming,paralytic_shellfish_poisoning,warming,TOXIN,ENV_FACTOR,environment_associated_with_toxin,2,1.0,1.0,1,1,cyano_and_dino_prior_signal,2.0
light||mass_spectrometry,light,mass_spectrometry,ENV_FACTOR,DETECTION_METHOD,semantic_cooccurrence,2,1.0,1.0,1,1,cyano_and_dino_prior_signal,2.0
alexandrium_affine||temperature,alexandrium_affine,temperature,DINO_TAXON,ENV_FACTOR,semantic_cooccurrence,2,1.0,1.0,1,1,cyano_and_dino_prior_signal,2.0
gymnodinium_catenatum||harmful_algal_bloom,gymnodinium_catenatum,harmful_algal_bloom,DINO_TAXON,BIOLOGICAL_PROCESS,semantic_cooccurrence;taxon_associated_with_process,2,0.0,2.0,0,1,dino_prior_only_signal,2.0
nutrients||warming,nutrients,warming,ENV_FACTOR,ENV_FACTOR,semantic_cooccurrence,1,1.0,1.0,1,1,cyano_and_dino_prior_signal,2.0
light||phosphorus,phosphorus,light,ENV_FACTOR,ENV_FACTOR,semantic_cooccurrence,1,2.0,0.0,1,0,cyano_only_prior_signal,2.0
alexandrium_tamiyavanichii||temperature,alexandrium_tamiyavanichii,temperature,DINO_TAXON,ENV_FACTOR,semantic_cooccurrence,1,1.0,1.0,1,1,cyano_and_dino_prior_signal,2.0
climate_change||saxitoxin,saxitoxin,climate_change,TOXIN,ENV_FACTOR,environment_associated_with_toxin,1,2.0,0.0,1,0,cyano_only_prior_signal,2.0
alexandrium_tamarense||phosphate,alexandrium_tamarense,phosphate,DINO_TAXON,ENV_FACTOR,semantic_cooccurrence,1,0.0,2.0,0,1,dino_prior_only_signal,2.0
climate_change||temperature,temperature,climate_change,ENV_FACTOR,ENV_FACTOR,semantic_cooccurrence,1,2.0,0.0,1,0,cyano_only_prior_signal,2.0
nutrients||pyrodinium_bahamense,pyrodinium_bahamense,nutrients,DINO_TAXON,ENV_FACTOR,semantic_cooccurrence,1,0.0,2.0,0,1,dino_prior_only_signal,2.0
cylindrospermopsis||harmful_algal_bloom,cylindrospermopsis,harmful_algal_bloom,CYANO_TAXON,ENV_FACTOR,semantic_cooccurrence,1,2.0,0.0,1,0,cyano_only_prior_signal,2.0
light||phosphate,phosphate,light,ENV_FACTOR,ENV_FACTOR,semantic_cooccurrence,1,0.0,2.0,0,1,dino_prior_only_signal,2.0
nutrient||sxtb,sxtb,nutrient,SXT_GENE,ENV_FACTOR,semantic_cooccurrence,1,1.0,1.0,1,1,cyano_and_dino_prior_signal,2.0
nutrients||transcriptomic,nutrients,transcriptomic,ENV_FACTOR,BIOLOGICAL_PROCESS,environment_associated_with_process,1,1.0,1.0,1,1,cyano_and_dino_prior_signal,2.0
alexandrium_tamiyavanichii||light,alexandrium_tamiyavanichii,light,DINO_TAXON,ENV_FACTOR,semantic_cooccurrence,1,1.0,1.0,1,1,cyano_and_dino_prior_signal,2.0
light||toxin_biosynthesis,light,toxin_biosynthesis,ENV_FACTOR,BIOLOGICAL_PROCESS,environment_associated_with_process,1,1.0,1.0,1,1,cyano_and_dino_prior_signal,2.0
lc_ms||salinity,salinity,lc_ms,ENV_FACTOR,DETECTION_METHOD,semantic_cooccurrence,1,1.0,1.0,1,1,cyano_and_dino_prior_signal,2.0
pyrodinium||warming,pyrodinium,warming,DINO_TAXON,ENV_FACTOR,semantic_cooccurrence,1,1.0,1.0,1,1,cyano_and_dino_prior_signal,2.0
harmful_algal_bloom||toxin_biosynthesis,harmful_algal_bloom,toxin_biosynthesis,ENV_FACTOR,BIOLOGICAL_PROCESS,environment_associated_with_process,1,1.0,1.0,1,1,cyano_and_dino_prior_signal,2.0
alexandrium_minutum||harmful_algal_bloom,alexandrium_minutum,harmful_algal_bloom,DINO_TAXON,ENV_FACTOR,semantic_cooccurrence,1,0.0,2.0,0,1,dino_prior_only_signal,2.0
phosphorus||toxin_biosynthesis,phosphorus,toxin_biosynthesis,ENV_FACTOR,BIOLOGICAL_PROCESS,environment_associated_with_process,1,1.0,1.0,1,1,cyano_and_dino_prior_signal,2.0
nitrogen||transcriptome,nitrogen,transcriptome,ENV_FACTOR,BIOLOGICAL_PROCESS,environment_associated_with_process,1,1.0,1.0,1,1,cyano_and_dino_prior_signal,2.0
salinity||warming,salinity,warming,ENV_FACTOR,ENV_FACTOR,semantic_cooccurrence,1,0.0,2.0,0,1,dino_prior_only_signal,2.0
hplc||salinity,salinity,hplc,ENV_FACTOR,DETECTION_METHOD,semantic_cooccurrence,1,0.0,2.0,0,1,dino_prior_only_signal,2.0
pyrodinium_bahamense||warming,pyrodinium_bahamense,warming,DINO_TAXON,ENV_FACTOR,semantic_cooccurrence,1,1.0,1.0,1,1,cyano_and_dino_prior_signal,2.0
nutrient||sxti,sxti,nutrient,SXT_GENE,ENV_FACTOR,semantic_cooccurrence,1,2.0,0.0,1,0,cyano_only_prior_signal,2.0
elisa||harmful_algal_bloom,harmful_algal_bloom,elisa,ENV_FACTOR,DETECTION_METHOD,semantic_cooccurrence,1,0.0,2.0,0,1,dino_prior_only_signal,2.0
alexandrium_fundyense||nitrate,alexandrium_fundyense,nitrate,DINO_TAXON,ENV_FACTOR,semantic_cooccurrence,1,0.0,2.0,0,1,dino_prior_only_signal,2.0
climate||toxin_biosynthesis,climate,toxin_biosynthesis,ENV_FACTOR,BIOLOGICAL_PROCESS,environment_associated_with_process,1,1.0,1.0,1,1,cyano_and_dino_prior_signal,2.0
alexandrium_ostenfeldii||temperature,alexandrium_ostenfeldii,temperature,DINO_TAXON,ENV_FACTOR,semantic_cooccurrence,1,0.0,2.0,0,1,dino_prior_only_signal,2.0
nutrients||pyrodinium,pyrodinium,nutrients,DINO_TAXON,ENV_FACTOR,semantic_cooccurrence,1,0.0,2.0,0,1,dino_prior_only_signal,2.0
alexandrium_ostenfeldii||salinity,alexandrium_ostenfeldii,salinity,DINO_TAXON,ENV_FACTOR,semantic_cooccurrence,1,0.0,2.0,0,1,dino_prior_only_signal,2.0
alexandrium_catenella||nitrogen,alexandrium_catenella,nitrogen,DINO_TAXON,ENV_FACTOR,semantic_cooccurrence,8,0.0,1.0,0,1,dino_prior_only_signal,1.0
alexandrium_catenella||salinity,alexandrium_catenella,salinity,DINO_TAXON,ENV_FACTOR,semantic_cooccurrence,6,0.0,1.0,0,1,dino_prior_only_signal,1.0
mass_spectrometry||nitrogen,nitrogen,mass_spectrometry,ENV_FACTOR,DETECTION_METHOD,semantic_cooccurrence,5,1.0,0.0,1,0,cyano_only_prior_signal,1.0
alexandrium_catenella||nitrate,alexandrium_catenella,nitrate,DINO_TAXON,ENV_FACTOR,semantic_cooccurrence,5,0.0,1.0,0,1,dino_prior_only_signal,1.0
gymnodinium_catenatum||nutrient,gymnodinium_catenatum,nutrient,DINO_TAXON,ENV_FACTOR,semantic_cooccurrence,4,0.0,1.0,0,1,dino_prior_only_signal,1.0
sxtg||temperature,sxtg,temperature,SXT_GENE,ENV_FACTOR,semantic_cooccurrence,4,1.0,0.0,1,0,cyano_only_prior_signal,1.0
gymnodinium||nutrient,gymnodinium,nutrient,DINO_TAXON,ENV_FACTOR,semantic_cooccurrence,4,0.0,1.0,0,1,dino_prior_only_signal,1.0
light||phylogenetic,light,phylogenetic,ENV_FACTOR,BIOLOGICAL_PROCESS,environment_associated_with_process,4,0.0,1.0,0,1,dino_prior_only_signal,1.0
climate||salinity,salinity,climate,ENV_FACTOR,ENV_FACTOR,semantic_cooccurrence,4,1.0,0.0,1,0,cyano_only_prior_signal,1.0
nutrient||sxt_genes,sxt_genes,nutrient,SXT_GENE,ENV_FACTOR,semantic_cooccurrence,3,1.0,0.0,1,0,cyano_only_prior_signal,1.0
hplc||phosphorus,phosphorus,hplc,ENV_FACTOR,DETECTION_METHOD,semantic_cooccurrence,2,1.0,0.0,1,0,cyano_only_prior_signal,1.0
temperature||transcription,temperature,transcription,ENV_FACTOR,BIOLOGICAL_PROCESS,environment_associated_with_process,2,1.0,0.0,1,0,cyano_only_prior_signal,1.0
gymnodinium||salinity,gymnodinium,salinity,DINO_TAXON,ENV_FACTOR,semantic_cooccurrence,2,0.0,1.0,0,1,dino_prior_only_signal,1.0
cyanobacterium||harmful_algal_bloom,cyanobacterium,harmful_algal_bloom,CYANO_TAXON,ENV_FACTOR,semantic_cooccurrence;taxon_associated_with_process,2,1.0,0.0,1,0,cyano_only_prior_signal,1.0
harmful_algal_bloom||phylogenetic,harmful_algal_bloom,phylogenetic,ENV_FACTOR,BIOLOGICAL_PROCESS,environment_associated_with_process;semantic_cooccurrence,2,1.0,0.0,1,0,cyano_only_prior_signal,1.0
gymnodinium_catenatum||nitrate,gymnodinium_catenatum,nitrate,DINO_TAXON,ENV_FACTOR,semantic_cooccurrence,2,0.0,1.0,0,1,dino_prior_only_signal,1.0
expression||phosphate,phosphate,expression,ENV_FACTOR,BIOLOGICAL_PROCESS,environment_associated_with_process,2,1.0,0.0,1,0,cyano_only_prior_signal,1.0
gymnodinium||nitrate,gymnodinium,nitrate,DINO_TAXON,ENV_FACTOR,semantic_cooccurrence,2,0.0,1.0,0,1,dino_prior_only_signal,1.0
harmful_algal_bloom||transcriptome,transcriptome,harmful_algal_bloom,BIOLOGICAL_PROCESS,BIOLOGICAL_PROCESS,environment_associated_with_process;semantic_cooccurrence,2,1.0,0.0,1,0,cyano_only_prior_signal,1.0
salinity||sxta,sxta,salinity,SXT_GENE,ENV_FACTOR,semantic_cooccurrence,2,1.0,0.0,1,0,cyano_only_prior_signal,1.0
phosphate||sxtg,sxtg,phosphate,SXT_GENE,ENV_FACTOR,semantic_cooccurrence,2,1.0,0.0,1,0,cyano_only_prior_signal,1.0
evolution||harmful_algal_bloom,evolution,harmful_algal_bloom,BIOLOGICAL_PROCESS,BIOLOGICAL_PROCESS,environment_associated_with_process;semantic_cooccurrence,2,1.0,0.0,1,0,cyano_only_prior_signal,1.0
nitrate||transcriptome,nitrate,transcriptome,ENV_FACTOR,BIOLOGICAL_PROCESS,environment_associated_with_process,2,1.0,0.0,1,0,cyano_only_prior_signal,1.0
gymnodinium_catenatum||salinity,gymnodinium_catenatum,salinity,DINO_TAXON,ENV_FACTOR,semantic_cooccurrence,2,0.0,1.0,0,1,dino_prior_only_signal,1.0
nutrients||sxtg,sxtg,nutrients,SXT_GENE,ENV_FACTOR,semantic_cooccurrence,2,1.0,0.0,1,0,cyano_only_prior_signal,1.0
alexandrium_tamiyavanichii||nutrient,alexandrium_tamiyavanichii,nutrient,DINO_TAXON,ENV_FACTOR,semantic_cooccurrence,2,1.0,0.0,1,0,cyano_only_prior_signal,1.0
bloom||gtx,gtx,bloom,TOXIN,ENV_FACTOR,environment_associated_with_toxin,2,0.0,1.0,0,1,dino_prior_only_signal,1.0
nitrate||toxin_biosynthesis,nitrate,toxin_biosynthesis,ENV_FACTOR,BIOLOGICAL_PROCESS,environment_associated_with_process,2,1.0,0.0,1,0,cyano_only_prior_signal,1.0
alexandrium_affine||nitrate,alexandrium_affine,nitrate,DINO_TAXON,ENV_FACTOR,semantic_cooccurrence,2,1.0,0.0,1,0,cyano_only_prior_signal,1.0
harmful_algal_bloom||sxtg,sxtg,harmful_algal_bloom,SXT_GENE,ENV_FACTOR,semantic_cooccurrence,1,1.0,0.0,1,0,cyano_only_prior_signal,1.0
elisa||nutrient,nutrient,elisa,ENV_FACTOR,DETECTION_METHOD,semantic_cooccurrence,1,1.0,0.0,1,0,cyano_only_prior_signal,1.0
alexandrium_affine||bloom,alexandrium_affine,bloom,DINO_TAXON,ENV_FACTOR,semantic_cooccurrence,1,1.0,0.0,1,0,cyano_only_prior_signal,1.0
alexandrium_affine||harmful_algal_bloom,alexandrium_affine,harmful_algal_bloom,DINO_TAXON,ENV_FACTOR,semantic_cooccurrence,1,1.0,0.0,1,0,cyano_only_prior_signal,1.0
phosphate||sxti,sxti,phosphate,SXT_GENE,ENV_FACTOR,semantic_cooccurrence,1,1.0,0.0,1,0,cyano_only_prior_signal,1.0
phosphorus||saxitoxin_biosynthesis,phosphorus,saxitoxin_biosynthesis,ENV_FACTOR,BIOLOGICAL_PROCESS,environment_associated_with_process,1,1.0,0.0,1,0,cyano_only_prior_signal,1.0
expression||warming,warming,expression,ENV_FACTOR,BIOLOGICAL_PROCESS,environment_associated_with_process,1,0.0,1.0,0,1,dino_prior_only_signal,1.0
nutrients||sxt_genes,sxt_genes,nutrients,SXT_GENE,ENV_FACTOR,semantic_cooccurrence,1,1.0,0.0,1,0,cyano_only_prior_signal,1.0
evolution||phosphate,phosphate,evolution,ENV_FACTOR,BIOLOGICAL_PROCESS,environment_associated_with_process,1,1.0,0.0,1,0,cyano_only_prior_signal,1.0
alexandrium_ostenfeldii||climate,alexandrium_ostenfeldii,climate,DINO_TAXON,ENV_FACTOR,semantic_cooccurrence,1,0.0,1.0,0,1,dino_prior_only_signal,1.0
irradiance||salinity,salinity,irradiance,ENV_FACTOR,ENV_FACTOR,semantic_cooccurrence,1,0.0,1.0,0,1,dino_prior_only_signal,1.0
bloom||horizontal_gene_transfer,bloom,horizontal_gene_transfer,ENV_FACTOR,BIOLOGICAL_PROCESS,environment_associated_with_process,1,1.0,0.0,1,0,cyano_only_prior_signal,1.0
climate_change||paralytic_shellfish_toxins,paralytic_shellfish_toxins,climate_change,TOXIN,ENV_FACTOR,environment_associated_with_toxin,1,1.0,0.0,1,0,cyano_only_prior_signal,1.0
nitrate||warming,nitrate,warming,ENV_FACTOR,ENV_FACTOR,semantic_cooccurrence,1,0.0,1.0,0,1,dino_prior_only_signal,1.0
phosphorus||transcriptome,phosphorus,transcriptome,ENV_FACTOR,BIOLOGICAL_PROCESS,environment_associated_with_process,1,1.0,0.0,1,0,cyano_only_prior_signal,1.0
harmful_algal_bloom||saxitoxin_biosynthesis,harmful_algal_bloom,saxitoxin_biosynthesis,ENV_FACTOR,BIOLOGICAL_PROCESS,environment_associated_with_process,1,1.0,0.0,1,0,cyano_only_prior_signal,1.0
bloom||irradiance,irradiance,bloom,ENV_FACTOR,ENV_FACTOR,semantic_cooccurrence,1,0.0,1.0,0,1,dino_prior_only_signal,1.0
alexandrium||bloom_dynamics,alexandrium,bloom_dynamics,DINO_TAXON,BIOLOGICAL_PROCESS,taxon_associated_with_process,1,0.0,1.0,0,1,dino_prior_only_signal,1.0
irradiance||light,light,irradiance,ENV_FACTOR,ENV_FACTOR,semantic_cooccurrence,1,0.0,1.0,0,1,dino_prior_only_signal,1.0
phosphate||transcriptomic,phosphate,transcriptomic,ENV_FACTOR,BIOLOGICAL_PROCESS,environment_associated_with_process,1,1.0,0.0,1,0,cyano_only_prior_signal,1.0
alexandrium_ostenfeldii||light,alexandrium_ostenfeldii,light,DINO_TAXON,ENV_FACTOR,semantic_cooccurrence,1,0.0,1.0,0,1,dino_prior_only_signal,1.0
nutrients||sxti,sxti,nutrients,SXT_GENE,ENV_FACTOR,semantic_cooccurrence,1,1.0,0.0,1,0,cyano_only_prior_signal,1.0
neosaxitoxin||warming,neosaxitoxin,warming,TOXIN,ENV_FACTOR,environment_associated_with_toxin,1,1.0,0.0,1,0,cyano_only_prior_signal,1.0
elisa||temperature,temperature,elisa,ENV_FACTOR,DETECTION_METHOD,semantic_cooccurrence,1,1.0,0.0,1,0,cyano_only_prior_signal,1.0
harmful_algal_bloom||nitrate,nitrate,harmful_algal_bloom,ENV_FACTOR,ENV_FACTOR,semantic_cooccurrence,1,1.0,0.0,1,0,cyano_only_prior_signal,1.0
light||warming,light,warming,ENV_FACTOR,ENV_FACTOR,semantic_cooccurrence,1,0.0,1.0,0,1,dino_prior_only_signal,1.0
alexandrium_tamiyavanichii||bloom,alexandrium_tamiyavanichii,bloom,DINO_TAXON,ENV_FACTOR,semantic_cooccurrence,1,1.0,0.0,1,0,cyano_only_prior_signal,1.0
climate||light,light,climate,ENV_FACTOR,ENV_FACTOR,semantic_cooccurrence,1,1.0,0.0,1,0,cyano_only_prior_signal,1.0
bloom_dynamics||paralytic_shellfish_poisoning,paralytic_shellfish_poisoning,bloom_dynamics,TOXIN,BIOLOGICAL_PROCESS,process_associated_with_toxin,1,0.0,1.0,0,1,dino_prior_only_signal,1.0
temperature||transcriptome,temperature,transcriptome,ENV_FACTOR,BIOLOGICAL_PROCESS,environment_associated_with_process,1,1.0,0.0,1,0,cyano_only_prior_signal,1.0
mass_spectrometry||phosphorus,phosphorus,mass_spectrometry,ENV_FACTOR,DETECTION_METHOD,semantic_cooccurrence,1,1.0,0.0,1,0,cyano_only_prior_signal,1.0
climate||pyrodinium,pyrodinium,climate,DINO_TAXON,ENV_FACTOR,semantic_cooccurrence,1,1.0,0.0,1,0,cyano_only_prior_signal,1.0
climate||saxitoxin_biosynthesis,climate,saxitoxin_biosynthesis,ENV_FACTOR,BIOLOGICAL_PROCESS,environment_associated_with_process,1,1.0,0.0,1,0,cyano_only_prior_signal,1.0
nitrate||saxitoxin_biosynthesis,nitrate,saxitoxin_biosynthesis,ENV_FACTOR,BIOLOGICAL_PROCESS,environment_associated_with_process,1,1.0,0.0,1,0,cyano_only_prior_signal,1.0
light||transcription,light,transcription,ENV_FACTOR,BIOLOGICAL_PROCESS,environment_associated_with_process,1,1.0,0.0,1,0,cyano_only_prior_signal,1.0
gene_expression||harmful_algal_bloom,harmful_algal_bloom,gene_expression,ENV_FACTOR,BIOLOGICAL_PROCESS,environment_associated_with_process,1,1.0,0.0,1,0,cyano_only_prior_signal,1.0
nitrogen||warming,nitrogen,warming,ENV_FACTOR,ENV_FACTOR,semantic_cooccurrence,1,0.0,1.0,0,1,dino_prior_only_signal,1.0
alexandrium_affine||light,alexandrium_affine,light,DINO_TAXON,ENV_FACTOR,semantic_cooccurrence,1,0.0,1.0,0,1,dino_prior_only_signal,1.0
alexandrium_fundyense||harmful_algal_bloom,alexandrium_fundyense,harmful_algal_bloom,DINO_TAXON,ENV_FACTOR,semantic_cooccurrence,1,0.0,1.0,0,1,dino_prior_only_signal,1.0
alexandrium_affine||nutrient,alexandrium_affine,nutrient,DINO_TAXON,ENV_FACTOR,semantic_cooccurrence,1,0.0,1.0,0,1,dino_prior_only_signal,1.0
bloom||bloom_dynamics,bloom,bloom_dynamics,ENV_FACTOR,BIOLOGICAL_PROCESS,environment_associated_with_process,1,0.0,1.0,0,1,dino_prior_only_signal,1.0
bloom||climate_change,bloom,climate_change,ENV_FACTOR,ENV_FACTOR,semantic_cooccurrence,1,1.0,0.0,1,0,cyano_only_prior_signal,1.0
climate||pyrodinium_bahamense,pyrodinium_bahamense,climate,DINO_TAXON,ENV_FACTOR,semantic_cooccurrence,1,1.0,0.0,1,0,cyano_only_prior_signal,1.0
irradiance||toxicity,irradiance,toxicity,ENV_FACTOR,BIOLOGICAL_PROCESS,environment_associated_with_process,1,0.0,1.0,0,1,dino_prior_only_signal,1.0
alexandrium_pacificum||bloom,alexandrium_pacificum,bloom,DINO_TAXON,ENV_FACTOR,semantic_cooccurrence,7,0.0,0.0,0,0,new_post2015_only,0.0
alexandrium_pacificum||temperature,alexandrium_pacificum,temperature,DINO_TAXON,ENV_FACTOR,semantic_cooccurrence,6,0.0,0.0,0,0,new_post2015_only,0.0
mass_spectrometry||nitrate,nitrate,mass_spectrometry,ENV_FACTOR,DETECTION_METHOD,semantic_cooccurrence,5,0.0,0.0,0,0,new_post2015_only,0.0
climate||gymnodinium,gymnodinium,climate,DINO_TAXON,ENV_FACTOR,semantic_cooccurrence,4,0.0,0.0,0,0,new_post2015_only,0.0
alexandrium_pacificum||nitrogen,alexandrium_pacificum,nitrogen,DINO_TAXON,ENV_FACTOR,semantic_cooccurrence,4,0.0,0.0,0,0,new_post2015_only,0.0
alexandrium_pacificum||salinity,alexandrium_pacificum,salinity,DINO_TAXON,ENV_FACTOR,semantic_cooccurrence,4,0.0,0.0,0,0,new_post2015_only,0.0
gymnodinium||warming,gymnodinium,warming,DINO_TAXON,ENV_FACTOR,semantic_cooccurrence,3,0.0,0.0,0,0,new_post2015_only,0.0
alexandrium_catenella||warming,alexandrium_catenella,warming,DINO_TAXON,ENV_FACTOR,semantic_cooccurrence,3,0.0,0.0,0,0,new_post2015_only,0.0
gymnodinium_catenatum||nitrogen,gymnodinium_catenatum,nitrogen,DINO_TAXON,ENV_FACTOR,semantic_cooccurrence,3,0.0,0.0,0,0,new_post2015_only,0.0
alexandrium_pacificum||nutrients,alexandrium_pacificum,nutrients,DINO_TAXON,ENV_FACTOR,semantic_cooccurrence,3,0.0,0.0,0,0,new_post2015_only,0.0
alexandrium_catenella||climate,alexandrium_catenella,climate,DINO_TAXON,ENV_FACTOR,semantic_cooccurrence,3,0.0,0.0,0,0,new_post2015_only,0.0
gymnodinium_catenatum||warming,gymnodinium_catenatum,warming,DINO_TAXON,ENV_FACTOR,semantic_cooccurrence,3,0.0,0.0,0,0,new_post2015_only,0.0
climate||gymnodinium_catenatum,gymnodinium_catenatum,climate,DINO_TAXON,ENV_FACTOR,semantic_cooccurrence,3,0.0,0.0,0,0,new_post2015_only,0.0
mass_spectrometry||nutrient,nutrient,mass_spectrometry,ENV_FACTOR,DETECTION_METHOD,semantic_cooccurrence,3,0.0,0.0,0,0,new_post2015_only,0.0
alexandrium_pacificum||nutrient,alexandrium_pacificum,nutrient,DINO_TAXON,ENV_FACTOR,semantic_cooccurrence,3,0.0,0.0,0,0,new_post2015_only,0.0
alexandrium_pacificum||light,alexandrium_pacificum,light,DINO_TAXON,ENV_FACTOR,semantic_cooccurrence,3,0.0,0.0,0,0,new_post2015_only,0.0
gymnodinium||nitrogen,gymnodinium,nitrogen,DINO_TAXON,ENV_FACTOR,semantic_cooccurrence,3,0.0,0.0,0,0,new_post2015_only,0.0
harmful_algal_bloom||light,light,harmful_algal_bloom,ENV_FACTOR,BIOLOGICAL_PROCESS,environment_associated_with_process;semantic_cooccurrence,2,0.0,0.0,0,0,new_post2015_only,0.0
protoceratium_reticulatum||temperature,protoceratium_reticulatum,temperature,DINO_TAXON,ENV_FACTOR,semantic_cooccurrence,2,0.0,0.0,0,0,new_post2015_only,0.0
protoceratium||temperature,protoceratium,temperature,DINO_TAXON,ENV_FACTOR,semantic_cooccurrence,2,0.0,0.0,0,0,new_post2015_only,0.0
phylogeny||temperature,temperature,phylogeny,ENV_FACTOR,BIOLOGICAL_PROCESS,environment_associated_with_process,2,0.0,0.0,0,0,new_post2015_only,0.0
nitrogen||sxtb,sxtb,nitrogen,SXT_GENE,ENV_FACTOR,semantic_cooccurrence,2,0.0,0.0,0,0,new_post2015_only,0.0
salinity||transcription,salinity,transcription,ENV_FACTOR,BIOLOGICAL_PROCESS,environment_associated_with_process,2,0.0,0.0,0,0,new_post2015_only,0.0
climate_change||harmful_algal_bloom,harmful_algal_bloom,climate_change,BIOLOGICAL_PROCESS,ENV_FACTOR,environment_associated_with_process;semantic_cooccurrence,2,0.0,0.0,0,0,new_post2015_only,0.0
gymnodinium_catenatum||phosphorus,gymnodinium_catenatum,phosphorus,DINO_TAXON,ENV_FACTOR,semantic_cooccurrence,2,0.0,0.0,0,0,new_post2015_only,0.0
phylogeny||salinity,salinity,phylogeny,ENV_FACTOR,BIOLOGICAL_PROCESS,environment_associated_with_process,2,0.0,0.0,0,0,new_post2015_only,0.0
bloom||cyst_formation,bloom,cyst_formation,ENV_FACTOR,BIOLOGICAL_PROCESS,environment_associated_with_process,2,0.0,0.0,0,0,new_post2015_only,0.0
cyst_formation||nutrient,nutrient,cyst_formation,ENV_FACTOR,BIOLOGICAL_PROCESS,environment_associated_with_process,2,0.0,0.0,0,0,new_post2015_only,0.0
alexandrium_pacificum||climate,alexandrium_pacificum,climate,DINO_TAXON,ENV_FACTOR,semantic_cooccurrence,2,0.0,0.0,0,0,new_post2015_only,0.0
salinity||sxtg,sxtg,salinity,SXT_GENE,ENV_FACTOR,semantic_cooccurrence,2,0.0,0.0,0,0,new_post2015_only,0.0
gymnodinium||phosphorus,gymnodinium,phosphorus,DINO_TAXON,ENV_FACTOR,semantic_cooccurrence,2,0.0,0.0,0,0,new_post2015_only,0.0
mass_spectrometry||nutrients,nutrients,mass_spectrometry,ENV_FACTOR,DETECTION_METHOD,semantic_cooccurrence,2,0.0,0.0,0,0,new_post2015_only,0.0
climate_change||dinoflagellate,dinoflagellate,climate_change,DINO_TAXON,ENV_FACTOR,semantic_cooccurrence,2,0.0,0.0,0,0,new_post2015_only,0.0
alexandrium_pacificum||nitrate,alexandrium_pacificum,nitrate,DINO_TAXON,ENV_FACTOR,semantic_cooccurrence,2,0.0,0.0,0,0,new_post2015_only,0.0
mass_spectrometry||temperature,temperature,mass_spectrometry,ENV_FACTOR,DETECTION_METHOD,semantic_cooccurrence,2,0.0,0.0,0,0,new_post2015_only,0.0
alexandrium_pacificum||phosphate,alexandrium_pacificum,phosphate,DINO_TAXON,ENV_FACTOR,semantic_cooccurrence,2,0.0,0.0,0,0,new_post2015_only,0.0
alexandrium_pacificum||harmful_algal_bloom,alexandrium_pacificum,harmful_algal_bloom,DINO_TAXON,BIOLOGICAL_PROCESS,semantic_cooccurrence;taxon_associated_with_process,2,0.0,0.0,0,0,new_post2015_only,0.0
expression||salinity,salinity,expression,ENV_FACTOR,BIOLOGICAL_PROCESS,environment_associated_with_process,1,0.0,0.0,0,0,new_post2015_only,0.0
alexandrium_minutum||warming,alexandrium_minutum,warming,DINO_TAXON,ENV_FACTOR,semantic_cooccurrence,1,0.0,0.0,0,0,new_post2015_only,0.0
alexandrium_catenella||bloom_dynamics,alexandrium_catenella,bloom_dynamics,DINO_TAXON,BIOLOGICAL_PROCESS,taxon_associated_with_process,1,0.0,0.0,0,0,new_post2015_only,0.0
phylogenetic||temperature,temperature,phylogenetic,ENV_FACTOR,BIOLOGICAL_PROCESS,environment_associated_with_process,1,0.0,0.0,0,0,new_post2015_only,0.0
nutrient_limitation||phosphorus,phosphorus,nutrient_limitation,ENV_FACTOR,ENV_FACTOR,semantic_cooccurrence,1,0.0,0.0,0,0,new_post2015_only,0.0
ocean_warming||saxitoxin,saxitoxin,ocean_warming,TOXIN,ENV_FACTOR,environment_associated_with_toxin,1,0.0,0.0,0,0,new_post2015_only,0.0
oxidative_stress||warming,warming,oxidative_stress,ENV_FACTOR,ENV_FACTOR,semantic_cooccurrence,1,0.0,0.0,0,0,new_post2015_only,0.0
bloom||centrodinium,centrodinium,bloom,DINO_TAXON,ENV_FACTOR,semantic_cooccurrence,1,0.0,0.0,0,0,new_post2015_only,0.0
bloom_dynamics||lc_ms_ms,lc_ms_ms,bloom_dynamics,DETECTION_METHOD,BIOLOGICAL_PROCESS,semantic_cooccurrence,1,0.0,0.0,0,0,new_post2015_only,0.0
dinoflagellates||nutrient_limitation,dinoflagellates,nutrient_limitation,DINO_TAXON,ENV_FACTOR,semantic_cooccurrence,1,0.0,0.0,0,0,new_post2015_only,0.0
centrodinium||harmful_algal_bloom,centrodinium,harmful_algal_bloom,DINO_TAXON,ENV_FACTOR,semantic_cooccurrence,1,0.0,0.0,0,0,new_post2015_only,0.0
alexandrium_catenella||ocean_warming,alexandrium_catenella,ocean_warming,DINO_TAXON,ENV_FACTOR,semantic_cooccurrence,1,0.0,0.0,0,0,new_post2015_only,0.0
harmful_algal_bloom||transcriptomic,transcriptomic,harmful_algal_bloom,BIOLOGICAL_PROCESS,BIOLOGICAL_PROCESS,semantic_cooccurrence,1,0.0,0.0,0,0,new_post2015_only,0.0
climate||liquid_chromatography,climate,liquid_chromatography,ENV_FACTOR,DETECTION_METHOD,semantic_cooccurrence,1,0.0,0.0,0,0,new_post2015_only,0.0
irradiance||phylogeny,irradiance,phylogeny,ENV_FACTOR,BIOLOGICAL_PROCESS,environment_associated_with_process,1,0.0,0.0,0,0,new_post2015_only,0.0
irradiance||transcription,irradiance,transcription,ENV_FACTOR,BIOLOGICAL_PROCESS,environment_associated_with_process,1,0.0,0.0,0,0,new_post2015_only,0.0
lc_ms_ms||nutrient,nutrient,lc_ms_ms,ENV_FACTOR,DETECTION_METHOD,semantic_cooccurrence,1,0.0,0.0,0,0,new_post2015_only,0.0
harmful_algal_bloom||protoceratium,protoceratium,harmful_algal_bloom,DINO_TAXON,BIOLOGICAL_PROCESS,taxon_associated_with_process,1,0.0,0.0,0,0,new_post2015_only,0.0
climate_change||pyrodinium_bahamense,pyrodinium_bahamense,climate_change,DINO_TAXON,ENV_FACTOR,semantic_cooccurrence,1,0.0,0.0,0,0,new_post2015_only,0.0
dinoflagellates||oxidative_stress,dinoflagellates,oxidative_stress,DINO_TAXON,ENV_FACTOR,semantic_cooccurrence,1,0.0,0.0,0,0,new_post2015_only,0.0
harmful_algal_bloom||protoceratium_reticulatum,protoceratium_reticulatum,harmful_algal_bloom,DINO_TAXON,BIOLOGICAL_PROCESS,taxon_associated_with_process,1,0.0,0.0,0,0,new_post2015_only,0.0
nutrients||transcription,nutrients,transcription,ENV_FACTOR,BIOLOGICAL_PROCESS,environment_associated_with_process,1,0.0,0.0,0,0,new_post2015_only,0.0
nutrient_limitation||paralytic_shellfish_poisoning,paralytic_shellfish_poisoning,nutrient_limitation,TOXIN,ENV_FACTOR,environment_associated_with_toxin,1,0.0,0.0,0,0,new_post2015_only,0.0
alexandrium||ocean_warming,alexandrium,ocean_warming,DINO_TAXON,ENV_FACTOR,semantic_cooccurrence,1,0.0,0.0,0,0,new_post2015_only,0.0
climate||gonyautoxin,gonyautoxin,climate,TOXIN,ENV_FACTOR,environment_associated_with_toxin,1,0.0,0.0,0,0,new_post2015_only,0.0
oxidative_stress||paralytic_shellfish_toxins,paralytic_shellfish_toxins,oxidative_stress,TOXIN,ENV_FACTOR,environment_associated_with_toxin,1,0.0,0.0,0,0,new_post2015_only,0.0
phosphorus||sxtb,sxtb,phosphorus,SXT_GENE,ENV_FACTOR,semantic_cooccurrence,1,0.0,0.0,0,0,new_post2015_only,0.0
alexandrium_tamiyavanichii||phosphorus,alexandrium_tamiyavanichii,phosphorus,DINO_TAXON,ENV_FACTOR,semantic_cooccurrence,1,0.0,0.0,0,0,new_post2015_only,0.0
climate_change||regulation,regulation,climate_change,BIOLOGICAL_PROCESS,ENV_FACTOR,environment_associated_with_process,1,0.0,0.0,0,0,new_post2015_only,0.0
lc_ms||nutrient,nutrient,lc_ms,ENV_FACTOR,DETECTION_METHOD,semantic_cooccurrence,1,0.0,0.0,0,0,new_post2015_only,0.0
ocean_warming||warming,warming,ocean_warming,ENV_FACTOR,ENV_FACTOR,semantic_cooccurrence,1,0.0,0.0,0,0,new_post2015_only,0.0
gymnodinium||oxidative_stress,gymnodinium,oxidative_stress,DINO_TAXON,ENV_FACTOR,semantic_cooccurrence,1,0.0,0.0,0,0,new_post2015_only,0.0
nutrient_limitation||toxicity,toxicity,nutrient_limitation,BIOLOGICAL_PROCESS,ENV_FACTOR,environment_associated_with_process,1,0.0,0.0,0,0,new_post2015_only,0.0
alexandrium_pacificum||irradiance,alexandrium_pacificum,irradiance,DINO_TAXON,ENV_FACTOR,semantic_cooccurrence,1,0.0,0.0,0,0,new_post2015_only,0.0
alexandrium_catenella||phosphate,alexandrium_catenella,phosphate,DINO_TAXON,ENV_FACTOR,semantic_cooccurrence,1,0.0,0.0,0,0,new_post2015_only,0.0
gymnodinium_catenatum||oxidative_stress,gymnodinium_catenatum,oxidative_stress,DINO_TAXON,ENV_FACTOR,semantic_cooccurrence,1,0.0,0.0,0,0,new_post2015_only,0.0
nutrient_limitation||regulation,regulation,nutrient_limitation,BIOLOGICAL_PROCESS,ENV_FACTOR,environment_associated_with_process,1,0.0,0.0,0,0,new_post2015_only,0.0
climate||oxidative_stress,climate,oxidative_stress,ENV_FACTOR,ENV_FACTOR,semantic_cooccurrence,1,0.0,0.0,0,0,new_post2015_only,0.0
alexandrium_minutum||climate,alexandrium_minutum,climate,DINO_TAXON,ENV_FACTOR,semantic_cooccurrence,1,0.0,0.0,0,0,new_post2015_only,0.0
nitrogen||nutrient_limitation,nitrogen,nutrient_limitation,ENV_FACTOR,ENV_FACTOR,semantic_cooccurrence,1,0.0,0.0,0,0,new_post2015_only,0.0
bloom||centrodinium_punctatum,centrodinium_punctatum,bloom,DINO_TAXON,ENV_FACTOR,semantic_cooccurrence,1,0.0,0.0,0,0,new_post2015_only,0.0
bloom||nutrient_limitation,bloom,nutrient_limitation,ENV_FACTOR,ENV_FACTOR,semantic_cooccurrence,1,0.0,0.0,0,0,new_post2015_only,0.0
irradiance||sxtg,sxtg,irradiance,SXT_GENE,ENV_FACTOR,semantic_cooccurrence,1,0.0,0.0,0,0,new_post2015_only,0.0
dinoflagellate||nutrient_limitation,dinoflagellate,nutrient_limitation,DINO_TAXON,ENV_FACTOR,semantic_cooccurrence,1,0.0,0.0,0,0,new_post2015_only,0.0
biosynthesis||irradiance,irradiance,biosynthesis,ENV_FACTOR,BIOLOGICAL_PROCESS,environment_associated_with_process,1,0.0,0.0,0,0,new_post2015_only,0.0
bloom_dynamics||dinoflagellate,dinoflagellate,bloom_dynamics,DINO_TAXON,BIOLOGICAL_PROCESS,taxon_associated_with_process,1,0.0,0.0,0,0,new_post2015_only,0.0
bloom||toxin_profiling,bloom,toxin_profiling,ENV_FACTOR,DETECTION_METHOD,semantic_cooccurrence,1,0.0,0.0,0,0,new_post2015_only,0.0
ocean_warming||paralytic_shellfish_toxins,paralytic_shellfish_toxins,ocean_warming,TOXIN,ENV_FACTOR,environment_associated_with_toxin,1,0.0,0.0,0,0,new_post2015_only,0.0
phylogenetic||salinity,salinity,phylogenetic,ENV_FACTOR,BIOLOGICAL_PROCESS,environment_associated_with_process,1,0.0,0.0,0,0,new_post2015_only,0.0
ocean_warming||temperature,temperature,ocean_warming,ENV_FACTOR,ENV_FACTOR,semantic_cooccurrence,1,0.0,0.0,0,0,new_post2015_only,0.0
light||sxtg,sxtg,light,SXT_GENE,ENV_FACTOR,semantic_cooccurrence,1,0.0,0.0,0,0,new_post2015_only,0.0
alexandrium_affine||nutrients,alexandrium_affine,nutrients,DINO_TAXON,ENV_FACTOR,semantic_cooccurrence,1,0.0,0.0,0,0,new_post2015_only,0.0
bloom_dynamics||paralytic_shellfish_toxins,paralytic_shellfish_toxins,bloom_dynamics,TOXIN,BIOLOGICAL_PROCESS,process_associated_with_toxin,1,0.0,0.0,0,0,new_post2015_only,0.0
climate||protoceratium,protoceratium,climate,DINO_TAXON,ENV_FACTOR,semantic_cooccurrence,1,0.0,0.0,0,0,new_post2015_only,0.0
bloom_dynamics||lc_ms,lc_ms,bloom_dynamics,DETECTION_METHOD,BIOLOGICAL_PROCESS,semantic_cooccurrence,1,0.0,0.0,0,0,new_post2015_only,0.0
alexandrium_pacificum||warming,alexandrium_pacificum,warming,DINO_TAXON,ENV_FACTOR,semantic_cooccurrence,1,0.0,0.0,0,0,new_post2015_only,0.0
phosphate||transcriptome,phosphate,transcriptome,ENV_FACTOR,BIOLOGICAL_PROCESS,environment_associated_with_process,1,0.0,0.0,0,0,new_post2015_only,0.0
lc_ms_ms||salinity,salinity,lc_ms_ms,ENV_FACTOR,DETECTION_METHOD,semantic_cooccurrence,1,0.0,0.0,0,0,new_post2015_only,0.0
irradiance||nutrients,nutrients,irradiance,ENV_FACTOR,ENV_FACTOR,semantic_cooccurrence,1,0.0,0.0,0,0,new_post2015_only,0.0
irradiance||sxta,sxta,irradiance,SXT_GENE,ENV_FACTOR,semantic_cooccurrence,1,0.0,0.0,0,0,new_post2015_only,0.0
nitrate||sxtb,sxtb,nitrate,SXT_GENE,ENV_FACTOR,semantic_cooccurrence,1,0.0,0.0,0,0,new_post2015_only,0.0
climate_change||pyrodinium,pyrodinium,climate_change,DINO_TAXON,ENV_FACTOR,semantic_cooccurrence,1,0.0,0.0,0,0,new_post2015_only,0.0
salinity||sxt_genes,sxt_genes,salinity,SXT_GENE,ENV_FACTOR,semantic_cooccurrence,1,0.0,0.0,0,0,new_post2015_only,0.0
light||phylogeny,light,phylogeny,ENV_FACTOR,BIOLOGICAL_PROCESS,environment_associated_with_process,1,0.0,0.0,0,0,new_post2015_only,0.0
climate||protoceratium_reticulatum,protoceratium_reticulatum,climate,DINO_TAXON,ENV_FACTOR,semantic_cooccurrence,1,0.0,0.0,0,0,new_post2015_only,0.0
irradiance||regulation,irradiance,regulation,ENV_FACTOR,BIOLOGICAL_PROCESS,environment_associated_with_process,1,0.0,0.0,0,0,new_post2015_only,0.0
centrodinium_punctatum||harmful_algal_bloom,centrodinium_punctatum,harmful_algal_bloom,DINO_TAXON,ENV_FACTOR,semantic_cooccurrence,1,0.0,0.0,0,0,new_post2015_only,0.0
elisa||nitrate,nitrate,elisa,ENV_FACTOR,DETECTION_METHOD,semantic_cooccurrence,1,0.0,0.0,0,0,new_post2015_only,0.0
nutrient||nutrient_limitation,nutrient,nutrient_limitation,ENV_FACTOR,ENV_FACTOR,semantic_cooccurrence,1,0.0,0.0,0,0,new_post2015_only,0.0
nutrient_limitation||nutrients,nutrients,nutrient_limitation,ENV_FACTOR,ENV_FACTOR,semantic_cooccurrence,1,0.0,0.0,0,0,new_post2015_only,0.0
harmful_algal_bloom||toxin_profiling,harmful_algal_bloom,toxin_profiling,ENV_FACTOR,DETECTION_METHOD,semantic_cooccurrence,1,0.0,0.0,0,0,new_post2015_only,0.0
gene_expression||warming,warming,gene_expression,ENV_FACTOR,BIOLOGICAL_PROCESS,environment_associated_with_process,1,0.0,0.0,0,0,new_post2015_only,0.0
alexandrium_tamiyavanichii||nitrogen,alexandrium_tamiyavanichii,nitrogen,DINO_TAXON,ENV_FACTOR,semantic_cooccurrence,1,0.0,0.0,0,0,new_post2015_only,0.0
neosaxitoxin||ocean_warming,neosaxitoxin,ocean_warming,TOXIN,ENV_FACTOR,environment_associated_with_toxin,1,0.0,0.0,0,0,new_post2015_only,0.0
cyanobacteria||nutrient_limitation,cyanobacteria,nutrient_limitation,CYANO_TAXON,ENV_FACTOR,semantic_cooccurrence,1,0.0,0.0,0,0,new_post2015_only,0.0
nutrients||phylogeny,nutrients,phylogeny,ENV_FACTOR,BIOLOGICAL_PROCESS,environment_associated_with_process,1,0.0,0.0,0,0,new_post2015_only,0.0
phosphate||sxtu,sxtu,phosphate,SXT_GENE,ENV_FACTOR,semantic_cooccurrence,1,0.0,0.0,0,0,new_post2015_only,0.0
