Source,Source_Type,Target,Target_Type,Hypothesis_Class,Temporal_Label,ML_Probability,Node2Vec_Integrated_Score,Final_AI_Rank_Score,Score,Common_Neighbors,Distinct_Bridge_Types,Bridge_Nodes,Interpretation
gonyautoxin,TOXIN,alexandrium_fundyense,DINO_TAXON,taxon_toxin_association,,,0.8437689489342937,,497.0579613648809,36,7,alexandrium; dinoflagellate; saxitoxin; toxicity; paralytic_shellfish_poisoning; paralytic_shellfish_toxins; dinoflagellates; toxin_production; nutrient; bloom; gtx; light; nitrogen; temperature; nitrate; phylogenetic; biosynthesis; cyanobacteria; phosphate; phosphorus,"gonyautoxin may be associated with alexandrium_fundyense production or occurrence, supported by bridge concepts including alexandrium, dinoflagellate, saxitoxin, toxicity, paralytic_shellfish_poisoning."
paralytic_shellfish_toxins,TOXIN,saxitoxin_biosynthesis,BIOLOGICAL_PROCESS,process_toxin_association,,,0.82142466267367,,462.5661464616956,40,6,saxitoxin; biosynthesis; alexandrium; dinoflagellate; dinoflagellates; cyanobacteria; sxta; paralytic_shellfish_poisoning; alexandrium_fundyense; cyanobacterial; phylogenetic; gymnodinium; gymnodinium_catenatum; pyrodinium; evolution; toxicity; phylogeny; temperature; toxin_production; phosphate,"paralytic_shellfish_toxins may be mechanistically associated with saxitoxin_biosynthesis, supported by bridge concepts including saxitoxin, biosynthesis, alexandrium, dinoflagellate, dinoflagellates."
pyrodinium,DINO_TAXON,gtx,TOXIN,taxon_toxin_association,,,0.8145069081686461,,477.97341664274126,32,6,dinoflagellate; saxitoxin; paralytic_shellfish_poisoning; alexandrium; toxicity; gymnodinium; paralytic_shellfish_toxins; gonyautoxin; dinoflagellates; neosaxitoxin; hplc; gymnodinium_catenatum; temperature; mouse_bioassay; nutrient; toxin_production; salinity; biosynthesis; saxitoxin_biosynthesis; light,"pyrodinium may be associated with gtx production or occurrence, supported by bridge concepts including dinoflagellate, saxitoxin, paralytic_shellfish_poisoning, alexandrium, toxicity."
pyrodinium_bahamense,DINO_TAXON,gtx,TOXIN,taxon_toxin_association,,,0.7758729937498887,,448.5132277088681,32,6,dinoflagellate; saxitoxin; paralytic_shellfish_poisoning; paralytic_shellfish_toxins; dinoflagellates; toxicity; gonyautoxin; neosaxitoxin; gymnodinium; hplc; alexandrium; temperature; gymnodinium_catenatum; mouse_bioassay; nutrient; salinity; toxin_production; saxitoxin_biosynthesis; light; mass_spectrometry,"pyrodinium_bahamense may be associated with gtx production or occurrence, supported by bridge concepts including dinoflagellate, saxitoxin, paralytic_shellfish_poisoning, paralytic_shellfish_toxins, dinoflagellates."
gtx,TOXIN,regulation,BIOLOGICAL_PROCESS,process_toxin_association,,,0.709630754234019,,398.1371768695439,33,6,alexandrium; dinoflagellate; saxitoxin; paralytic_shellfish_toxins; paralytic_shellfish_poisoning; dinoflagellates; alexandrium_tamarense; toxicity; toxin_production; alexandrium_minutum; nutrient; temperature; alexandrium_fundyense; biosynthesis; saxitoxin_biosynthesis; alexandrium_catenella; light; salinity; nitrate; gymnodinium,"gtx may be mechanistically associated with regulation, supported by bridge concepts including alexandrium, dinoflagellate, saxitoxin, paralytic_shellfish_toxins, paralytic_shellfish_poisoning."
gtx,TOXIN,expression,BIOLOGICAL_PROCESS,process_toxin_association,,,0.6771611141561973,,399.0913002280694,27,6,dinoflagellate; alexandrium; saxitoxin; paralytic_shellfish_poisoning; paralytic_shellfish_toxins; dinoflagellates; alexandrium_tamarense; alexandrium_minutum; nutrient; toxin_production; alexandrium_fundyense; biosynthesis; gymnodinium; gymnodinium_catenatum; saxitoxin_biosynthesis; alexandrium_catenella; light; toxin_biosynthesis; phylogenetic; nutrients,"gtx may be mechanistically associated with expression, supported by bridge concepts including dinoflagellate, alexandrium, saxitoxin, paralytic_shellfish_poisoning, paralytic_shellfish_toxins."
gtx,TOXIN,harmful_algal_bloom,ENV_FACTOR,environment_toxin_association,,,0.658907215919215,,349.96637481727146,29,6,alexandrium; saxitoxin; paralytic_shellfish_poisoning; dinoflagellate; dinoflagellates; toxicity; paralytic_shellfish_toxins; alexandrium_tamarense; gonyautoxin; gymnodinium; hplc; alexandrium_catenella; mass_spectrometry; alexandrium_minutum; nutrient; gymnodinium_catenatum; alexandrium_fundyense; bloom; nitrogen; warming,"gtx may be associated with variation in harmful_algal_bloom, supported by bridge concepts including alexandrium, saxitoxin, paralytic_shellfish_poisoning, dinoflagellate, dinoflagellates."
gonyautoxin,TOXIN,evolution,BIOLOGICAL_PROCESS,process_toxin_association,,,0.6320195156674426,,340.80927495148893,30,7,saxitoxin; dinoflagellate; alexandrium; paralytic_shellfish_poisoning; dinoflagellates; paralytic_shellfish_toxins; toxicity; phylogenetic; cyanobacteria; gymnodinium; pyrodinium; alexandrium_catenella; mouse_bioassay; alexandrium_tamarense; alexandrium_minutum; biosynthesis; toxin_production; gymnodinium_catenatum; hplc; bloom,"gonyautoxin may be mechanistically associated with evolution, supported by bridge concepts including saxitoxin, dinoflagellate, alexandrium, paralytic_shellfish_poisoning, dinoflagellates."
neosaxitoxin,TOXIN,regulation,BIOLOGICAL_PROCESS,process_toxin_association,,,0.630177471382586,,354.90667405489137,29,6,alexandrium; dinoflagellate; dinoflagellates; saxitoxin; paralytic_shellfish_toxins; paralytic_shellfish_poisoning; alexandrium_tamarense; toxicity; toxin_production; light; pyrodinium; pyrodinium_bahamense; salinity; nutrient; cyanobacteria; temperature; gymnodinium; hplc; gonyautoxin; alexandrium_fundyense,"neosaxitoxin may be mechanistically associated with regulation, supported by bridge concepts including alexandrium, dinoflagellate, dinoflagellates, saxitoxin, paralytic_shellfish_toxins."
neosaxitoxin,TOXIN,harmful_algal_bloom,ENV_FACTOR,environment_toxin_association,,,0.6169443474516831,,326.49324659536,26,6,saxitoxin; alexandrium; paralytic_shellfish_poisoning; dinoflagellate; dinoflagellates; toxicity; paralytic_shellfish_toxins; alexandrium_tamarense; gonyautoxin; gymnodinium; hplc; pyrodinium; mass_spectrometry; nutrient; gymnodinium_catenatum; alexandrium_fundyense; bloom; alexandrium_catenella; nitrogen; pyrodinium_bahamense,"neosaxitoxin may be associated with variation in harmful_algal_bloom, supported by bridge concepts including saxitoxin, alexandrium, paralytic_shellfish_poisoning, dinoflagellate, dinoflagellates."
gonyautoxin,TOXIN,saxitoxin_biosynthesis,BIOLOGICAL_PROCESS,process_toxin_association,,,0.6161282069450367,,335.8637697636944,31,6,saxitoxin; alexandrium; dinoflagellate; dinoflagellates; paralytic_shellfish_poisoning; gymnodinium; gymnodinium_catenatum; pyrodinium; toxicity; phylogenetic; cyanobacteria; temperature; toxin_production; gtx; pyrodinium_bahamense; nutrient; biosynthesis; phosphate; anabaena; alexandrium_catenella,"gonyautoxin may be mechanistically associated with saxitoxin_biosynthesis, supported by bridge concepts including saxitoxin, alexandrium, dinoflagellate, dinoflagellates, paralytic_shellfish_poisoning."
neosaxitoxin,TOXIN,expression,BIOLOGICAL_PROCESS,process_toxin_association,,,0.6106864423751408,,351.98311523964617,24,6,dinoflagellate; saxitoxin; alexandrium; paralytic_shellfish_toxins; paralytic_shellfish_poisoning; dinoflagellates; alexandrium_tamarense; toxin_production; light; gymnodinium; gymnodinium_catenatum; nutrient; phylogenetic; cyanobacteria; alexandrium_fundyense; gonyautoxin; bloom; alexandrium_catenella; lc_ms; nitrogen,"neosaxitoxin may be mechanistically associated with expression, supported by bridge concepts including dinoflagellate, saxitoxin, alexandrium, paralytic_shellfish_toxins, paralytic_shellfish_poisoning."
gonyautoxin,TOXIN,toxin_biosynthesis,BIOLOGICAL_PROCESS,process_toxin_association,,,0.5902842142574395,,312.56999787312884,32,7,alexandrium; paralytic_shellfish_toxins; dinoflagellate; dinoflagellates; nutrient; toxin_production; saxitoxin; paralytic_shellfish_poisoning; toxicity; alexandrium_minutum; cyanobacteria; gtx; alexandrium_catenella; alexandrium_tamarense; biosynthesis; temperature; phosphate; anabaena; bloom; light,"gonyautoxin may be mechanistically associated with toxin_biosynthesis, supported by bridge concepts including alexandrium, paralytic_shellfish_toxins, dinoflagellate, dinoflagellates, nutrient."
neosaxitoxin,TOXIN,nutrients,ENV_FACTOR,environment_toxin_association,,,0.5563747079880317,,289.47313743357125,27,5,dinoflagellate; alexandrium; saxitoxin; toxicity; toxin_production; paralytic_shellfish_toxins; light; salinity; paralytic_shellfish_poisoning; dinoflagellates; gymnodinium; pyrodinium; gtx; pyrodinium_bahamense; alexandrium_tamarense; nutrient; phylogenetic; temperature; hplc; gymnodinium_catenatum,"neosaxitoxin may be associated with variation in nutrients, supported by bridge concepts including dinoflagellate, alexandrium, saxitoxin, toxicity, toxin_production."
sxta,SXT_GENE,salinity,ENV_FACTOR,environment_gene_regulation,,,0.5470431660790234,,311.972526339978,28,6,dinoflagellate; saxitoxin; alexandrium; paralytic_shellfish_poisoning; paralytic_shellfish_toxins; pyrodinium; toxicity; dinoflagellates; alexandrium_minutum; toxin_production; bloom; light; pyrodinium_bahamense; regulation; alexandrium_tamarense; nutrient; gonyautoxin; alexandrium_catenella; lc_ms; nitrogen,"sxta may influence or regulate salinity, supported by bridge concepts including dinoflagellate, saxitoxin, alexandrium, paralytic_shellfish_poisoning, paralytic_shellfish_toxins."
alexandrium_catenella,DINO_TAXON,sxtg,SXT_GENE,taxon_gene_association,,,0.5428228040177387,,268.32879100537906,31,6,saxitoxin; dinoflagellate; dinoflagellates; sxta; alexandrium; biosynthesis; paralytic_shellfish_toxins; cyanobacteria; evolution; paralytic_shellfish_poisoning; nutrient; toxin_production; gymnodinium; gymnodinium_catenatum; transcriptome; alexandrium_fundyense; pyrodinium; gonyautoxin; sxt_genes; saxitoxin_biosynthesis,"alexandrium_catenella may be associated with sxtg-related genetic capacity, supported by bridge concepts including saxitoxin, dinoflagellate, dinoflagellates, sxta, alexandrium."
gtx,TOXIN,evolution,BIOLOGICAL_PROCESS,process_toxin_association,,,0.5411077022442198,,296.0789450193625,24,6,saxitoxin; dinoflagellate; alexandrium; paralytic_shellfish_poisoning; dinoflagellates; paralytic_shellfish_toxins; toxicity; biosynthesis; gymnodinium; saxitoxin_biosynthesis; alexandrium_catenella; mouse_bioassay; alexandrium_tamarense; alexandrium_minutum; phylogenetic; toxin_production; hplc; gymnodinium_catenatum; alexandrium_fundyense; bloom,"gtx may be mechanistically associated with evolution, supported by bridge concepts including saxitoxin, dinoflagellate, alexandrium, paralytic_shellfish_poisoning, dinoflagellates."
neosaxitoxin,TOXIN,evolution,BIOLOGICAL_PROCESS,process_toxin_association,,,0.5359443860452633,,294.27931666163965,24,6,saxitoxin; dinoflagellate; alexandrium; paralytic_shellfish_poisoning; dinoflagellates; paralytic_shellfish_toxins; toxicity; gymnodinium; pyrodinium; mouse_bioassay; alexandrium_tamarense; phylogenetic; cyanobacteria; toxin_production; hplc; gymnodinium_catenatum; alexandrium_fundyense; bloom; alexandrium_catenella; nitrogen,"neosaxitoxin may be mechanistically associated with evolution, supported by bridge concepts including saxitoxin, dinoflagellate, alexandrium, paralytic_shellfish_poisoning, dinoflagellates."
sxta,SXT_GENE,nitrate,ENV_FACTOR,environment_gene_regulation,,,0.5338958253241513,,316.4453137150905,27,6,alexandrium; dinoflagellate; paralytic_shellfish_toxins; dinoflagellates; saxitoxin; paralytic_shellfish_poisoning; toxicity; alexandrium_tamarense; alexandrium_minutum; bloom; toxin_production; alexandrium_fundyense; light; regulation; nutrient; pyrodinium; gonyautoxin; alexandrium_catenella; nitrogen; pyrodinium_bahamense,"sxta may influence or regulate nitrate, supported by bridge concepts including alexandrium, dinoflagellate, paralytic_shellfish_toxins, dinoflagellates, saxitoxin."
sxta,SXT_GENE,nutrients,ENV_FACTOR,environment_gene_regulation,,,0.5282637116629236,,292.9850352777138,29,5,dinoflagellate; alexandrium; saxitoxin; toxicity; paralytic_shellfish_toxins; bloom; alexandrium_catenella; paralytic_shellfish_poisoning; dinoflagellates; toxin_production; gymnodinium; pyrodinium; alexandrium_fundyense; light; expression; pyrodinium_bahamense; regulation; alexandrium_tamarense; alexandrium_minutum; nutrient,"sxta may influence or regulate nutrients, supported by bridge concepts including dinoflagellate, alexandrium, saxitoxin, toxicity, paralytic_shellfish_toxins."
neosaxitoxin,TOXIN,alexandrium_ostenfeldii,DINO_TAXON,taxon_toxin_association,,,0.5252614592781005,,275.0998818997214,23,5,alexandrium; saxitoxin; dinoflagellate; paralytic_shellfish_poisoning; toxicity; gtx; dinoflagellates; paralytic_shellfish_toxins; mass_spectrometry; toxin_production; hplc; gonyautoxin; salinity; temperature; bloom; light; lc_ms; liquid_chromatography; mouse_bioassay; alexandrium_minutum,"neosaxitoxin may be associated with alexandrium_ostenfeldii production or occurrence, supported by bridge concepts including alexandrium, saxitoxin, dinoflagellate, paralytic_shellfish_poisoning, toxicity."
regulation,BIOLOGICAL_PROCESS,sxtg,SXT_GENE,gene_process_association,,,0.5237679255984848,,264.8736299306558,30,6,saxitoxin; dinoflagellate; dinoflagellates; alexandrium; biosynthesis; paralytic_shellfish_toxins; evolution; cyanobacteria; saxitoxin_biosynthesis; sxta; cyanobacterial; paralytic_shellfish_poisoning; alexandrium_minutum; nutrient; toxin_production; gymnodinium; transcriptome; alexandrium_fundyense; pyrodinium; gonyautoxin,"regulation may be linked to the biological process sxtg, supported by bridge concepts including saxitoxin, dinoflagellate, dinoflagellates, alexandrium, biosynthesis."
alexandrium_catenella,DINO_TAXON,anabaena,CYANO_TAXON,cross_taxa_association,,,0.5142953353247682,,274.01140377790506,27,7,saxitoxin; alexandrium; dinoflagellates; paralytic_shellfish_toxins; dinoflagellate; alexandrium_tamarense; hplc; paralytic_shellfish_poisoning; biosynthesis; cyanobacteria; bloom; sxta; expression; evolution; phylogenetic; gymnodinium; pyrodinium; gonyautoxin; saxitoxin_biosynthesis; gene_expression,"alexandrium_catenella and anabaena may share STX-related biological context, supported by bridge concepts including saxitoxin, alexandrium, dinoflagellates, paralytic_shellfish_toxins, dinoflagellate."
pyrodinium,DINO_TAXON,cyanobacterium,CYANO_TAXON,cross_taxa_association,,,0.5133365842481051,,270.4468062798229,28,7,saxitoxin; dinoflagellates; paralytic_shellfish_poisoning; hplc; alexandrium; dinoflagellate; paralytic_shellfish_toxins; sxta; cyanobacteria; cyanobacterial; mass_spectrometry; toxin_production; saxitoxin_biosynthesis; anabaena; bloom; lc_ms; nitrogen; aphanizomenon; lyngbya; cylindrospermopsis,"pyrodinium and cyanobacterium may share STX-related biological context, supported by bridge concepts including saxitoxin, dinoflagellates, paralytic_shellfish_poisoning, hplc, alexandrium."
neosaxitoxin,TOXIN,saxitoxin_biosynthesis,BIOLOGICAL_PROCESS,process_toxin_association,,,0.5007148589403551,,275.6072037877256,23,5,saxitoxin; alexandrium; dinoflagellate; dinoflagellates; paralytic_shellfish_poisoning; gymnodinium; gymnodinium_catenatum; pyrodinium; toxicity; toxin_production; gtx; pyrodinium_bahamense; nutrient; phylogenetic; cyanobacteria; temperature; alexandrium_fundyense; alexandrium_catenella; light; alexandrium_tamarense,"neosaxitoxin may be mechanistically associated with saxitoxin_biosynthesis, supported by bridge concepts including saxitoxin, alexandrium, dinoflagellate, dinoflagellates, paralytic_shellfish_poisoning."
neosaxitoxin,TOXIN,phosphate,ENV_FACTOR,environment_toxin_association,,,0.4975351804931935,,246.6020163491673,24,5,alexandrium; dinoflagellate; toxicity; toxin_production; saxitoxin; gtx; paralytic_shellfish_toxins; gonyautoxin; light; salinity; dinoflagellates; alexandrium_tamarense; nutrient; temperature; alexandrium_fundyense; bloom; nitrogen; nitrate; paralytic_shellfish_poisoning; alexandrium_minutum,"neosaxitoxin may be associated with variation in phosphate, supported by bridge concepts including alexandrium, dinoflagellate, toxicity, toxin_production, saxitoxin."
alexandrium_tamarense,DINO_TAXON,sxtg,SXT_GENE,taxon_gene_association,,,0.4965192595798541,,260.3799690893336,29,6,saxitoxin; dinoflagellate; dinoflagellates; sxta; alexandrium; biosynthesis; paralytic_shellfish_toxins; cyanobacteria; cyanobacterial; evolution; paralytic_shellfish_poisoning; alexandrium_minutum; nutrient; toxin_production; gymnodinium; gymnodinium_catenatum; alexandrium_fundyense; gonyautoxin; sxt_genes; saxitoxin_biosynthesis,"alexandrium_tamarense may be associated with sxtg-related genetic capacity, supported by bridge concepts including saxitoxin, dinoflagellate, dinoflagellates, sxta, alexandrium."
alexandrium_fundyense,DINO_TAXON,sxt_genes,SXT_GENE,taxon_gene_association,,,0.4895665899076087,,238.1686908725422,26,6,saxitoxin; biosynthesis; dinoflagellate; alexandrium; saxitoxin_biosynthesis; dinoflagellates; sxta; paralytic_shellfish_toxins; paralytic_shellfish_poisoning; phylogenetic; cyanobacteria; transcriptome; bloom; alexandrium_catenella; light; expression; cyanobacterial; evolution; toxin_biosynthesis; gene_duplication,"alexandrium_fundyense may be associated with sxt_genes-related genetic capacity, supported by bridge concepts including saxitoxin, biosynthesis, dinoflagellate, alexandrium, saxitoxin_biosynthesis."
gtx,TOXIN,gene_expression,BIOLOGICAL_PROCESS,process_toxin_association,,,0.484460061818088,,264.0629331981156,23,5,alexandrium; dinoflagellate; saxitoxin; paralytic_shellfish_poisoning; paralytic_shellfish_toxins; alexandrium_minutum; dinoflagellates; toxin_production; alexandrium_tamarense; biosynthesis; alexandrium_catenella; nutrient; gymnodinium; gymnodinium_catenatum; alexandrium_fundyense; gonyautoxin; saxitoxin_biosynthesis; bloom; light; nitrogen,"gtx may be mechanistically associated with gene_expression, supported by bridge concepts including alexandrium, dinoflagellate, saxitoxin, paralytic_shellfish_poisoning, paralytic_shellfish_toxins."
light,ENV_FACTOR,sxtg,SXT_GENE,environment_gene_regulation,,,0.4815071053017218,,248.5749212437373,29,6,saxitoxin; dinoflagellate; dinoflagellates; alexandrium; paralytic_shellfish_toxins; biosynthesis; sxta; paralytic_shellfish_poisoning; alexandrium_minutum; nutrient; cyanobacteria; toxin_production; gymnodinium; gymnodinium_catenatum; transcriptome; alexandrium_fundyense; pyrodinium; gonyautoxin; sxt_genes; saxitoxin_biosynthesis,"light may influence or regulate sxtg, supported by bridge concepts including saxitoxin, dinoflagellate, dinoflagellates, alexandrium, paralytic_shellfish_toxins."
cyanobacteria,CYANO_TAXON,alexandrium_ostenfeldii,DINO_TAXON,cross_taxa_association,,,0.4799541370496201,,275.6995167330288,24,6,alexandrium; saxitoxin; dinoflagellate; paralytic_shellfish_poisoning; toxicity; dinoflagellates; paralytic_shellfish_toxins; mass_spectrometry; toxin_production; hplc; gonyautoxin; bloom; lc_ms; gtx; light; cyanobacterial; salinity; harmful_algal_bloom; mouse_bioassay; climate,"cyanobacteria and alexandrium_ostenfeldii may share STX-related biological context, supported by bridge concepts including alexandrium, saxitoxin, dinoflagellate, paralytic_shellfish_poisoning, toxicity."
neosaxitoxin,TOXIN,toxin_biosynthesis,BIOLOGICAL_PROCESS,process_toxin_association,,,0.4788629385259372,,244.3994898542639,24,6,alexandrium; paralytic_shellfish_toxins; dinoflagellate; dinoflagellates; toxin_production; saxitoxin; paralytic_shellfish_poisoning; toxicity; gtx; alexandrium_tamarense; nutrient; cyanobacteria; temperature; alexandrium_fundyense; bloom; alexandrium_catenella; light; nitrogen; salinity; mass_spectrometry,"neosaxitoxin may be mechanistically associated with toxin_biosynthesis, supported by bridge concepts including alexandrium, paralytic_shellfish_toxins, dinoflagellate, dinoflagellates, toxin_production."
toxin_production,BIOLOGICAL_PROCESS,sxt_genes,SXT_GENE,gene_process_association,,,0.4775486465103544,,254.9120374123609,27,6,saxitoxin; biosynthesis; dinoflagellate; alexandrium; dinoflagellates; saxitoxin_biosynthesis; sxta; cyanobacteria; gymnodinium; gymnodinium_catenatum; paralytic_shellfish_toxins; pyrodinium; cyanobacterial; paralytic_shellfish_poisoning; phylogenetic; transcriptome; bloom; alexandrium_catenella; light; expression,"toxin_production may be linked to the biological process sxt_genes, supported by bridge concepts including saxitoxin, biosynthesis, dinoflagellate, alexandrium, dinoflagellates."
alexandrium_catenella,DINO_TAXON,cyanobacterium,CYANO_TAXON,cross_taxa_association,,,0.4754170620560669,,244.8009625109038,24,7,saxitoxin; dinoflagellates; paralytic_shellfish_poisoning; hplc; alexandrium; dinoflagellate; paralytic_shellfish_toxins; sxta; cyanobacteria; expression; toxin_production; saxitoxin_biosynthesis; bloom; nitrogen; cyanobacterial; mouse_bioassay; toxicity; mass_spectrometry; alexandrium_tamarense; alexandrium_minutum,"alexandrium_catenella and cyanobacterium may share STX-related biological context, supported by bridge concepts including saxitoxin, dinoflagellates, paralytic_shellfish_poisoning, hplc, alexandrium."
sxta,SXT_GENE,phosphate,ENV_FACTOR,environment_gene_regulation,,,0.4732356447975351,,250.31935026300465,25,5,alexandrium; dinoflagellate; saxitoxin; toxicity; alexandrium_minutum; paralytic_shellfish_toxins; alexandrium_fundyense; saxitoxin_biosynthesis; biosynthesis; toxin_production; light; toxin_biosynthesis; regulation; dinoflagellates; alexandrium_tamarense; nutrient; gonyautoxin; bloom; nitrogen; paralytic_shellfish_poisoning,"sxta may influence or regulate phosphate, supported by bridge concepts including alexandrium, dinoflagellate, saxitoxin, toxicity, alexandrium_minutum."
alexandrium_minutum,DINO_TAXON,sxt_genes,SXT_GENE,taxon_gene_association,,,0.4715673028310451,,247.1204230106919,27,6,saxitoxin; dinoflagellate; alexandrium; biosynthesis; dinoflagellates; sxta; cyanobacteria; gymnodinium; gymnodinium_catenatum; paralytic_shellfish_toxins; pyrodinium; paralytic_shellfish_poisoning; phylogenetic; transcriptome; saxitoxin_biosynthesis; bloom; alexandrium_catenella; light; expression; pyrodinium_bahamense,"alexandrium_minutum may be associated with sxt_genes-related genetic capacity, supported by bridge concepts including saxitoxin, dinoflagellate, alexandrium, biosynthesis, dinoflagellates."
alexandrium_fundyense,DINO_TAXON,anabaena,CYANO_TAXON,cross_taxa_association,,,0.4666036585833002,,244.6681274262937,25,7,saxitoxin; alexandrium; dinoflagellates; paralytic_shellfish_toxins; dinoflagellate; paralytic_shellfish_poisoning; biosynthesis; bloom; sxta; expression; phylogenetic; cyanobacteria; saxitoxin_biosynthesis; gene_expression; cyanobacterial; evolution; toxin_biosynthesis; regulation; alexandrium_tamarense; toxicity,"alexandrium_fundyense and anabaena may share STX-related biological context, supported by bridge concepts including saxitoxin, alexandrium, dinoflagellates, paralytic_shellfish_toxins, dinoflagellate."
regulation,BIOLOGICAL_PROCESS,sxt_genes,SXT_GENE,gene_process_association,,,0.4589213799706121,,230.3429382338948,25,6,saxitoxin; dinoflagellate; alexandrium; biosynthesis; dinoflagellates; cyanobacteria; paralytic_shellfish_toxins; pyrodinium; saxitoxin_biosynthesis; sxta; cyanobacterial; paralytic_shellfish_poisoning; gymnodinium; transcriptome; bloom; alexandrium_catenella; light; expression; pyrodinium_bahamense; evolution,"regulation may be linked to the biological process sxt_genes, supported by bridge concepts including saxitoxin, dinoflagellate, alexandrium, biosynthesis, dinoflagellates."
pyrodinium_bahamense,DINO_TAXON,cyanobacterium,CYANO_TAXON,cross_taxa_association,,,0.4588914314826774,,241.3813559295409,24,7,saxitoxin; dinoflagellates; paralytic_shellfish_poisoning; hplc; alexandrium; dinoflagellate; paralytic_shellfish_toxins; sxta; cyanobacterial; mass_spectrometry; toxin_production; saxitoxin_biosynthesis; bloom; lc_ms; nitrogen; mouse_bioassay; toxicity; alexandrium_minutum; elisa; phylogenetic,"pyrodinium_bahamense and cyanobacterium may share STX-related biological context, supported by bridge concepts including saxitoxin, dinoflagellates, paralytic_shellfish_poisoning, hplc, alexandrium."
neosaxitoxin,TOXIN,gene_expression,BIOLOGICAL_PROCESS,process_toxin_association,,,0.4585717922360149,,240.6265495218171,21,5,alexandrium; dinoflagellate; saxitoxin; paralytic_shellfish_poisoning; paralytic_shellfish_toxins; dinoflagellates; toxin_production; alexandrium_tamarense; nutrient; cyanobacteria; gymnodinium; gymnodinium_catenatum; alexandrium_fundyense; gonyautoxin; bloom; alexandrium_catenella; light; nitrogen; alexandrium_minutum; phylogenetic,"neosaxitoxin may be mechanistically associated with gene_expression, supported by bridge concepts including alexandrium, dinoflagellate, saxitoxin, paralytic_shellfish_poisoning, paralytic_shellfish_toxins."
anabaena,CYANO_TAXON,sxtg,SXT_GENE,cyano_gene_transfer_signal,,,0.456514809305584,,224.8801991120008,25,6,saxitoxin; dinoflagellate; dinoflagellates; alexandrium; paralytic_shellfish_toxins; biosynthesis; cyanobacteria; sxta; cyanobacterial; evolution; paralytic_shellfish_poisoning; gymnodinium; pyrodinium; gonyautoxin; saxitoxin_biosynthesis; bloom; expression; gene_expression; toxin_biosynthesis; toxicity,"anabaena may provide cross-taxa context for sxtg, suggesting possible evolutionary or biosynthetic linkage supported by saxitoxin, dinoflagellate, dinoflagellates, alexandrium, paralytic_shellfish_toxins."
anabaena,CYANO_TAXON,sxt_genes,SXT_GENE,cyano_gene_transfer_signal,,,0.4425691929854761,,213.8359233968173,23,6,saxitoxin; dinoflagellate; alexandrium; dinoflagellates; biosynthesis; cyanobacteria; paralytic_shellfish_toxins; sxta; cyanobacterial; paralytic_shellfish_poisoning; phylogenetic; gymnodinium; pyrodinium; saxitoxin_biosynthesis; bloom; expression; evolution; toxin_biosynthesis; toxicity; alexandrium_tamarense,"anabaena may provide cross-taxa context for sxt_genes, suggesting possible evolutionary or biosynthetic linkage supported by saxitoxin, dinoflagellate, alexandrium, dinoflagellates, biosynthesis."
nutrient,ENV_FACTOR,sxt_genes,SXT_GENE,environment_gene_regulation,,,0.4412820889217569,,229.9282810175799,25,6,saxitoxin; biosynthesis; dinoflagellate; alexandrium; dinoflagellates; cyanobacteria; paralytic_shellfish_toxins; pyrodinium; saxitoxin_biosynthesis; sxta; paralytic_shellfish_poisoning; phylogenetic; transcriptome; bloom; alexandrium_catenella; light; expression; pyrodinium_bahamense; cyanobacterial; toxin_biosynthesis,"nutrient may influence or regulate sxt_genes, supported by bridge concepts including saxitoxin, biosynthesis, dinoflagellate, alexandrium, dinoflagellates."
pyrodinium_bahamense,DINO_TAXON,anabaena,CYANO_TAXON,cross_taxa_association,,,0.4406154663715725,,244.89957747806787,25,7,saxitoxin; dinoflagellates; paralytic_shellfish_toxins; alexandrium; dinoflagellate; hplc; paralytic_shellfish_poisoning; bloom; sxta; cyanobacterial; biosynthesis; gymnodinium; pyrodinium; gonyautoxin; saxitoxin_biosynthesis; lc_ms; evolution; regulation; toxicity; mass_spectrometry,"pyrodinium_bahamense and anabaena may share STX-related biological context, supported by bridge concepts including saxitoxin, dinoflagellates, paralytic_shellfish_toxins, alexandrium, dinoflagellate."
neosaxitoxin,TOXIN,alexandrium_tamiyavanichii,DINO_TAXON,taxon_toxin_association,,,0.4375316091554118,,191.00049747644024,20,6,alexandrium; dinoflagellate; toxicity; hplc; saxitoxin; paralytic_shellfish_poisoning; dinoflagellates; paralytic_shellfish_toxins; pyrodinium; gonyautoxin; gtx; alexandrium_catenella; light; pyrodinium_bahamense; nitrate; alexandrium_minutum; biosynthesis; cyanobacteria; temperature; toxin_production,"neosaxitoxin may be associated with alexandrium_tamiyavanichii production or occurrence, supported by bridge concepts including alexandrium, dinoflagellate, toxicity, hplc, saxitoxin."
harmful_algal_bloom,ENV_FACTOR,sxtg,SXT_GENE,environment_gene_regulation,,,0.4340056975636848,,218.6766994757086,25,6,saxitoxin; dinoflagellate; dinoflagellates; alexandrium; paralytic_shellfish_toxins; sxta; paralytic_shellfish_poisoning; alexandrium_minutum; nutrient; gymnodinium; gymnodinium_catenatum; pyrodinium; gonyautoxin; alexandrium_fundyense; bloom; nitrogen; expression; pyrodinium_bahamense; cyanobacterial; toxin_biosynthesis,"harmful_algal_bloom may influence or regulate sxtg, supported by bridge concepts including saxitoxin, dinoflagellate, dinoflagellates, alexandrium, paralytic_shellfish_toxins."
alexandrium_tamarense,DINO_TAXON,cylindrospermopsis,CYANO_TAXON,cross_taxa_association,,,0.4315860154996351,,219.7483298417289,22,7,cyanobacteria; paralytic_shellfish_poisoning; dinoflagellates; paralytic_shellfish_toxins; saxitoxin; anabaena; sxta; cyanobacterial; toxicity; expression; phylogenetic; biosynthesis; saxitoxin_biosynthesis; bloom; lc_ms; lc_ms_ms; dinoflagellate; alexandrium; mass_spectrometry; cyanobacterium,"alexandrium_tamarense and cylindrospermopsis may share STX-related biological context, supported by bridge concepts including cyanobacteria, paralytic_shellfish_poisoning, dinoflagellates, paralytic_shellfish_toxins, saxitoxin."
gtx,TOXIN,irradiance,ENV_FACTOR,environment_toxin_association,,,0.430811124471795,,177.87247066672654,21,5,alexandrium; temperature; paralytic_shellfish_toxins; dinoflagellate; paralytic_shellfish_poisoning; dinoflagellates; saxitoxin; alexandrium_minutum; alexandrium_fundyense; bloom; alexandrium_catenella; light; salinity; nitrate; toxicity; nutrient; alexandrium_tamiyavanichii; toxin_production; gymnodinium; hplc,"gtx may be associated with variation in irradiance, supported by bridge concepts including alexandrium, temperature, paralytic_shellfish_toxins, dinoflagellate, paralytic_shellfish_poisoning."
sxta,SXT_GENE,alexandrium_ostenfeldii,DINO_TAXON,taxon_gene_association,,,0.4283989095810981,,248.3917038557662,22,6,alexandrium; saxitoxin; dinoflagellate; paralytic_shellfish_poisoning; dinoflagellates; toxicity; paralytic_shellfish_toxins; toxin_production; bloom; gonyautoxin; light; lc_ms; cyanobacterial; harmful_algal_bloom; mass_spectrometry; climate; alexandrium_minutum; phylogeny; phylogenetic; temperature,"sxta may be associated with alexandrium_ostenfeldii-related genetic capacity, supported by bridge concepts including alexandrium, saxitoxin, dinoflagellate, paralytic_shellfish_poisoning, dinoflagellates."
gymnodinium_catenatum,DINO_TAXON,aphanizomenon,CYANO_TAXON,cross_taxa_association,,,0.4276165753232425,,211.66580207188733,22,7,saxitoxin; paralytic_shellfish_toxins; dinoflagellate; paralytic_shellfish_poisoning; alexandrium; dinoflagellates; cyanobacteria; hplc; cyanobacterial; mass_spectrometry; biosynthesis; pyrodinium; anabaena; bloom; sxta; evolution; toxicity; cyanobacterium; phylogeny; phylogenetic,"gymnodinium_catenatum and aphanizomenon may share STX-related biological context, supported by bridge concepts including saxitoxin, paralytic_shellfish_toxins, dinoflagellate, paralytic_shellfish_poisoning, alexandrium."
neosaxitoxin,TOXIN,phosphorus,ENV_FACTOR,environment_toxin_association,,,0.4274920766779507,,221.0760715172114,20,5,alexandrium; dinoflagellate; paralytic_shellfish_poisoning; paralytic_shellfish_toxins; toxin_production; dinoflagellates; alexandrium_tamarense; gonyautoxin; saxitoxin; toxicity; nutrient; alexandrium_fundyense; gtx; bloom; alexandrium_catenella; nitrogen; nitrate; alexandrium_minutum; biosynthesis; cyanobacteria,"neosaxitoxin may be associated with variation in phosphorus, supported by bridge concepts including alexandrium, dinoflagellate, paralytic_shellfish_poisoning, paralytic_shellfish_toxins, toxin_production."
paralytic_shellfish_toxins,TOXIN,warming,ENV_FACTOR,environment_toxin_association,,,0.4224666763154722,,203.4613257361545,27,5,saxitoxin; dinoflagellate; alexandrium; toxicity; bloom; salinity; harmful_algal_bloom; temperature; toxin_production; transcriptome; alexandrium_fundyense; pyrodinium; gonyautoxin; gtx; light; nitrogen; expression; pyrodinium_bahamense; nitrate; paralytic_shellfish_poisoning,"paralytic_shellfish_toxins may be associated with variation in warming, supported by bridge concepts including saxitoxin, dinoflagellate, alexandrium, toxicity, bloom."
sxta,SXT_GENE,transcriptomic,BIOLOGICAL_PROCESS,gene_process_association,,,0.4177820897916811,,201.28842743614905,23,5,alexandrium; dinoflagellate; paralytic_shellfish_toxins; paralytic_shellfish_poisoning; transcriptome; bloom; light; expression; gene_expression; saxitoxin; regulation; dinoflagellates; alexandrium_tamarense; biosynthesis; cyanobacteria; toxin_production; alexandrium_fundyense; alexandrium_catenella; nitrogen; evolution,"sxta may be linked to the biological process transcriptomic, supported by bridge concepts including alexandrium, dinoflagellate, paralytic_shellfish_toxins, paralytic_shellfish_poisoning, transcriptome."
alexandrium_tamarense,DINO_TAXON,aphanizomenon,CYANO_TAXON,cross_taxa_association,,,0.4177489573491033,,210.0210801297443,21,7,saxitoxin; paralytic_shellfish_toxins; dinoflagellate; paralytic_shellfish_poisoning; anabaena; alexandrium; dinoflagellates; cyanobacteria; hplc; cyanobacterial; mass_spectrometry; biosynthesis; bloom; sxta; evolution; toxin_biosynthesis; toxicity; cyanobacterium; phylogeny; phylogenetic,"alexandrium_tamarense and aphanizomenon may share STX-related biological context, supported by bridge concepts including saxitoxin, paralytic_shellfish_toxins, dinoflagellate, paralytic_shellfish_poisoning, anabaena."
gene_expression,BIOLOGICAL_PROCESS,sxt_genes,SXT_GENE,gene_process_association,,,0.415780292483156,,210.31922095885847,22,6,saxitoxin; dinoflagellate; alexandrium; dinoflagellates; sxta; biosynthesis; cyanobacteria; paralytic_shellfish_toxins; cyanobacterial; paralytic_shellfish_poisoning; gymnodinium; gymnodinium_catenatum; transcriptome; saxitoxin_biosynthesis; bloom; alexandrium_catenella; light; expression; evolution; alexandrium_tamarense,"gene_expression may be linked to the biological process sxt_genes, supported by bridge concepts including saxitoxin, dinoflagellate, alexandrium, dinoflagellates, sxta."
alexandrium_fundyense,DINO_TAXON,cyanobacterium,CYANO_TAXON,cross_taxa_association,,,0.4157069139295423,,223.32651027429608,22,7,saxitoxin; dinoflagellates; paralytic_shellfish_poisoning; alexandrium; dinoflagellate; paralytic_shellfish_toxins; sxta; expression; cyanobacteria; toxin_production; saxitoxin_biosynthesis; bloom; nitrogen; cyanobacterial; toxicity; alexandrium_tamarense; alexandrium_minutum; phylogenetic; biosynthesis; gymnodinium,"alexandrium_fundyense and cyanobacterium may share STX-related biological context, supported by bridge concepts including saxitoxin, dinoflagellates, paralytic_shellfish_poisoning, alexandrium, dinoflagellate."
gymnodinium_catenatum,DINO_TAXON,cylindrospermopsis,CYANO_TAXON,cross_taxa_association,,,0.4149171741093994,,221.1842513193472,24,7,paralytic_shellfish_poisoning; dinoflagellates; paralytic_shellfish_toxins; saxitoxin; sxta; cyanobacterial; toxicity; cyanobacteria; expression; phylogenetic; biosynthesis; pyrodinium; saxitoxin_biosynthesis; anabaena; bloom; lc_ms; sxtu; lc_ms_ms; dinoflagellate; alexandrium,"gymnodinium_catenatum and cylindrospermopsis may share STX-related biological context, supported by bridge concepts including paralytic_shellfish_poisoning, dinoflagellates, paralytic_shellfish_toxins, saxitoxin, sxta."
gonyautoxin,TOXIN,transcriptome,BIOLOGICAL_PROCESS,process_toxin_association,,,0.4147570283004932,,212.5175536226019,23,6,dinoflagellate; alexandrium; paralytic_shellfish_poisoning; dinoflagellates; light; saxitoxin; cyanobacteria; bloom; alexandrium_minutum; biosynthesis; paralytic_shellfish_toxins; alexandrium_catenella; nitrogen; sxta; expression; gene_expression; warming; cyanobacterial; regulation; nutrient,"gonyautoxin may be mechanistically associated with transcriptome, supported by bridge concepts including dinoflagellate, alexandrium, paralytic_shellfish_poisoning, dinoflagellates, light."
alexandrium_minutum,DINO_TAXON,cylindrospermopsis,CYANO_TAXON,cross_taxa_association,,,0.3980462876039288,,209.54987833155823,22,7,paralytic_shellfish_poisoning; dinoflagellates; cyanobacteria; paralytic_shellfish_toxins; saxitoxin; sxta; toxicity; expression; phylogenetic; biosynthesis; pyrodinium; saxitoxin_biosynthesis; anabaena; bloom; lc_ms; lc_ms_ms; cyanobacterial; dinoflagellate; alexandrium; cyanobacterium,"alexandrium_minutum and cylindrospermopsis may share STX-related biological context, supported by bridge concepts including paralytic_shellfish_poisoning, dinoflagellates, cyanobacteria, paralytic_shellfish_toxins, saxitoxin."
gtx,TOXIN,climate,ENV_FACTOR,environment_toxin_association,,,0.3949714978137423,,182.9934507083312,18,6,alexandrium; dinoflagellate; toxicity; saxitoxin; paralytic_shellfish_toxins; alexandrium_fundyense; paralytic_shellfish_poisoning; dinoflagellates; nutrient; mouse_bioassay; cyanobacteria; alexandrium_ostenfeldii; temperature; toxin_production; bloom; toxin_biosynthesis; nitrogen; biosynthesis,"gtx may be associated with variation in climate, supported by bridge concepts including alexandrium, dinoflagellate, toxicity, saxitoxin, paralytic_shellfish_toxins."
aphanizomenon,CYANO_TAXON,sxt_genes,SXT_GENE,cyano_gene_transfer_signal,,,0.3927699468646916,,175.57443632541927,19,6,saxitoxin; dinoflagellate; alexandrium; dinoflagellates; cyanobacteria; paralytic_shellfish_toxins; cyanobacterial; paralytic_shellfish_poisoning; biosynthesis; pyrodinium; bloom; sxta; evolution; toxin_biosynthesis; toxicity; phylogeny; phylogenetic; gymnodinium; horizontal_gene_transfer,"aphanizomenon may provide cross-taxa context for sxt_genes, suggesting possible evolutionary or biosynthetic linkage supported by saxitoxin, dinoflagellate, alexandrium, dinoflagellates, cyanobacteria."
nitrogen,ENV_FACTOR,sxt_genes,SXT_GENE,environment_gene_regulation,,,0.390551773093361,,198.9404006358086,22,6,saxitoxin; dinoflagellate; alexandrium; dinoflagellates; biosynthesis; cyanobacteria; paralytic_shellfish_toxins; paralytic_shellfish_poisoning; transcriptome; pyrodinium; bloom; alexandrium_catenella; light; sxta; expression; pyrodinium_bahamense; evolution; toxin_biosynthesis; alexandrium_tamarense; toxicity,"nitrogen may influence or regulate sxt_genes, supported by bridge concepts including saxitoxin, dinoflagellate, alexandrium, dinoflagellates, biosynthesis."
temperature,ENV_FACTOR,sxtg,SXT_GENE,environment_gene_regulation,,,0.3889933741220181,,207.47514429052111,23,5,saxitoxin; dinoflagellate; dinoflagellates; alexandrium; paralytic_shellfish_toxins; biosynthesis; saxitoxin_biosynthesis; paralytic_shellfish_poisoning; alexandrium_minutum; nutrient; toxin_production; gymnodinium; gymnodinium_catenatum; alexandrium_fundyense; pyrodinium; gonyautoxin; bloom; nitrogen; sxta; pyrodinium_bahamense,"temperature may influence or regulate sxtg, supported by bridge concepts including saxitoxin, dinoflagellate, dinoflagellates, alexandrium, paralytic_shellfish_toxins."
nutrients,ENV_FACTOR,sxtg,SXT_GENE,environment_gene_regulation,,,0.3877610130803377,,187.366121319885,22,4,saxitoxin; dinoflagellate; alexandrium; paralytic_shellfish_toxins; dinoflagellates; paralytic_shellfish_poisoning; alexandrium_minutum; nutrient; toxin_production; gymnodinium; gymnodinium_catenatum; transcriptome; alexandrium_fundyense; pyrodinium; gonyautoxin; bloom; nitrogen; expression; pyrodinium_bahamense; toxicity,"nutrients may influence or regulate sxtg, supported by bridge concepts including saxitoxin, dinoflagellate, alexandrium, paralytic_shellfish_toxins, dinoflagellates."
gonyautoxin,TOXIN,climate,ENV_FACTOR,environment_toxin_association,,,0.3844147898324254,,194.8653682632187,19,7,alexandrium; dinoflagellate; toxicity; bloom; saxitoxin; paralytic_shellfish_toxins; paralytic_shellfish_poisoning; dinoflagellates; nutrient; nitrogen; sxta; cyanobacterial; mouse_bioassay; alexandrium_ostenfeldii; biosynthesis; cyanobacteria; temperature; toxin_production; sxtg,"gonyautoxin may be associated with variation in climate, supported by bridge concepts including alexandrium, dinoflagellate, toxicity, bloom, saxitoxin."
gonyautoxin,TOXIN,irradiance,ENV_FACTOR,environment_toxin_association,,,0.3837391410217429,,170.82011078589525,20,5,alexandrium; temperature; paralytic_shellfish_toxins; dinoflagellate; paralytic_shellfish_poisoning; dinoflagellates; saxitoxin; alexandrium_minutum; bloom; alexandrium_catenella; light; salinity; nitrate; toxicity; nutrient; alexandrium_tamiyavanichii; toxin_production; gymnodinium; hplc; gymnodinium_catenatum,"gonyautoxin may be associated with variation in irradiance, supported by bridge concepts including alexandrium, temperature, paralytic_shellfish_toxins, dinoflagellate, paralytic_shellfish_poisoning."
neosaxitoxin,TOXIN,irradiance,ENV_FACTOR,environment_toxin_association,,,0.3813454731371949,,166.255402709709,20,5,alexandrium; paralytic_shellfish_toxins; dinoflagellate; paralytic_shellfish_poisoning; dinoflagellates; saxitoxin; temperature; alexandrium_fundyense; bloom; alexandrium_catenella; light; salinity; nitrate; toxicity; alexandrium_minutum; nutrient; toxin_production; gymnodinium; hplc; gymnodinium_catenatum,"neosaxitoxin may be associated with variation in irradiance, supported by bridge concepts including alexandrium, paralytic_shellfish_toxins, dinoflagellate, paralytic_shellfish_poisoning, dinoflagellates."
cyanobacterium,CYANO_TAXON,sxt_genes,SXT_GENE,cyano_gene_transfer_signal,,,0.3754548236286646,,180.6053503431856,19,6,saxitoxin; dinoflagellate; alexandrium; dinoflagellates; sxta; cyanobacteria; paralytic_shellfish_toxins; cyanobacterial; paralytic_shellfish_poisoning; saxitoxin_biosynthesis; bloom; expression; sxtu; toxicity; alexandrium_tamarense; phylogenetic; biosynthesis; gymnodinium; gymnodinium_catenatum,"cyanobacterium may provide cross-taxa context for sxt_genes, suggesting possible evolutionary or biosynthetic linkage supported by saxitoxin, dinoflagellate, alexandrium, dinoflagellates, sxta."
alexandrium_catenella,DINO_TAXON,aphanizomenon,CYANO_TAXON,cross_taxa_association,,,0.3746582394550086,,190.62295762924484,19,7,saxitoxin; paralytic_shellfish_toxins; dinoflagellate; paralytic_shellfish_poisoning; alexandrium; dinoflagellates; cyanobacteria; hplc; biosynthesis; pyrodinium; bloom; sxta; cyanobacterial; evolution; toxin_biosynthesis; toxicity; mass_spectrometry; phylogenetic; gymnodinium,"alexandrium_catenella and aphanizomenon may share STX-related biological context, supported by bridge concepts including saxitoxin, paralytic_shellfish_toxins, dinoflagellate, paralytic_shellfish_poisoning, alexandrium."
alexandrium_minutum,DINO_TAXON,aphanizomenon,CYANO_TAXON,cross_taxa_association,,,0.3740967783470527,,201.88823084248045,21,7,saxitoxin; paralytic_shellfish_toxins; dinoflagellate; paralytic_shellfish_poisoning; alexandrium; dinoflagellates; cyanobacteria; hplc; biosynthesis; pyrodinium; bloom; anabaena; sxta; cyanobacterial; evolution; toxin_biosynthesis; toxicity; cyanobacterium; phylogenetic; gymnodinium,"alexandrium_minutum and aphanizomenon may share STX-related biological context, supported by bridge concepts including saxitoxin, paralytic_shellfish_toxins, dinoflagellate, paralytic_shellfish_poisoning, alexandrium."
alexandrium_catenella,DINO_TAXON,cylindrospermopsis,CYANO_TAXON,cross_taxa_association,,,0.3734021306454469,,188.4915060397389,19,7,paralytic_shellfish_poisoning; dinoflagellates; paralytic_shellfish_toxins; saxitoxin; sxta; toxicity; cyanobacteria; expression; phylogenetic; biosynthesis; pyrodinium; saxitoxin_biosynthesis; bloom; cyanobacterial; dinoflagellate; alexandrium; mass_spectrometry; gymnodinium; hplc,"alexandrium_catenella and cylindrospermopsis may share STX-related biological context, supported by bridge concepts including paralytic_shellfish_poisoning, dinoflagellates, paralytic_shellfish_toxins, saxitoxin, sxta."
sxta,SXT_GENE,warming,ENV_FACTOR,environment_gene_regulation,,,0.3720256478079464,,177.23463855249446,23,5,saxitoxin; dinoflagellate; alexandrium; toxicity; bloom; harmful_algal_bloom; toxin_production; transcriptome; alexandrium_fundyense; pyrodinium; gonyautoxin; light; nitrogen; expression; pyrodinium_bahamense; paralytic_shellfish_poisoning; gene_duplication; regulation; dinoflagellates; nutrient,"sxta may influence or regulate warming, supported by bridge concepts including saxitoxin, dinoflagellate, alexandrium, toxicity, bloom."
pyrodinium_bahamense,DINO_TAXON,aphanizomenon,CYANO_TAXON,cross_taxa_association,,,0.3718238990504109,,190.9664883034708,19,7,saxitoxin; paralytic_shellfish_toxins; dinoflagellate; paralytic_shellfish_poisoning; alexandrium; dinoflagellates; hplc; cyanobacterial; mass_spectrometry; biosynthesis; pyrodinium; bloom; sxta; evolution; toxicity; phylogeny; phylogenetic; cyanobacteria; gymnodinium,"pyrodinium_bahamense and aphanizomenon may share STX-related biological context, supported by bridge concepts including saxitoxin, paralytic_shellfish_toxins, dinoflagellate, paralytic_shellfish_poisoning, alexandrium."
cyanobacterium,CYANO_TAXON,sxtg,SXT_GENE,cyano_gene_transfer_signal,,,0.3711318317902224,,189.7238962064688,20,6,saxitoxin; dinoflagellates; alexandrium; dinoflagellate; paralytic_shellfish_toxins; sxta; cyanobacteria; cyanobacterial; paralytic_shellfish_poisoning; toxin_production; saxitoxin_biosynthesis; bloom; nitrogen; expression; toxicity; alexandrium_minutum; phylogenetic; biosynthesis; gymnodinium; gymnodinium_catenatum,"cyanobacterium may provide cross-taxa context for sxtg, suggesting possible evolutionary or biosynthetic linkage supported by saxitoxin, dinoflagellates, alexandrium, dinoflagellate, paralytic_shellfish_toxins."
cyanobacterial,CYANO_TAXON,alexandrium_tamiyavanichii,DINO_TAXON,cross_taxa_association,,,0.3711060305262182,,182.7241153317289,19,7,alexandrium; dinoflagellate; hplc; saxitoxin; paralytic_shellfish_poisoning; dinoflagellates; toxicity; paralytic_shellfish_toxins; pyrodinium; gonyautoxin; saxitoxin_biosynthesis; alexandrium_catenella; light; sxta; pyrodinium_bahamense; alexandrium_minutum; biosynthesis; cyanobacteria; toxin_production,"cyanobacterial and alexandrium_tamiyavanichii may share STX-related biological context, supported by bridge concepts including alexandrium, dinoflagellate, hplc, saxitoxin, paralytic_shellfish_poisoning."
gonyautoxin,TOXIN,transcriptomic,BIOLOGICAL_PROCESS,process_toxin_association,,,0.3689426639896087,,182.2650742954576,21,5,alexandrium; dinoflagellate; paralytic_shellfish_toxins; paralytic_shellfish_poisoning; bloom; light; saxitoxin; dinoflagellates; alexandrium_tamarense; biosynthesis; cyanobacteria; toxin_production; alexandrium_catenella; nitrogen; expression; gene_expression; regulation; toxicity; alexandrium_minutum; nutrient,"gonyautoxin may be mechanistically associated with transcriptomic, supported by bridge concepts including alexandrium, dinoflagellate, paralytic_shellfish_toxins, paralytic_shellfish_poisoning, bloom."
gtx,TOXIN,transcriptome,BIOLOGICAL_PROCESS,process_toxin_association,,,0.3686620173957375,,181.232741808223,19,5,dinoflagellate; alexandrium; paralytic_shellfish_poisoning; dinoflagellates; alexandrium_fundyense; saxitoxin; light; alexandrium_minutum; biosynthesis; paralytic_shellfish_toxins; bloom; alexandrium_catenella; nitrogen; warming; toxin_biosynthesis; nutrient; cyanobacteria; toxin_production; nutrients,"gtx may be mechanistically associated with transcriptome, supported by bridge concepts including dinoflagellate, alexandrium, paralytic_shellfish_poisoning, dinoflagellates, alexandrium_fundyense."
aphanizomenon,CYANO_TAXON,sxtg,SXT_GENE,cyano_gene_transfer_signal,,,0.3667229457533649,,174.85790584144692,19,6,saxitoxin; dinoflagellate; paralytic_shellfish_toxins; alexandrium; dinoflagellates; cyanobacteria; cyanobacterial; paralytic_shellfish_poisoning; biosynthesis; pyrodinium; bloom; sxta; evolution; toxin_biosynthesis; toxicity; phylogeny; phylogenetic; gymnodinium; horizontal_gene_transfer,"aphanizomenon may provide cross-taxa context for sxtg, suggesting possible evolutionary or biosynthetic linkage supported by saxitoxin, dinoflagellate, paralytic_shellfish_toxins, alexandrium, dinoflagellates."
neosaxitoxin,TOXIN,climate,ENV_FACTOR,environment_toxin_association,,,0.3649204152552012,,167.5003508695517,16,6,alexandrium; dinoflagellate; toxicity; saxitoxin; paralytic_shellfish_toxins; paralytic_shellfish_poisoning; dinoflagellates; nutrient; mouse_bioassay; cyanobacteria; alexandrium_fundyense; temperature; toxin_production; bloom; nitrogen; biosynthesis,"neosaxitoxin may be associated with variation in climate, supported by bridge concepts including alexandrium, dinoflagellate, toxicity, saxitoxin, paralytic_shellfish_toxins."
harmful_algal_bloom,ENV_FACTOR,sxt_genes,SXT_GENE,environment_gene_regulation,,,0.3648864734059768,,190.1052846933682,20,6,saxitoxin; dinoflagellate; alexandrium; dinoflagellates; gymnodinium; paralytic_shellfish_toxins; pyrodinium; sxta; paralytic_shellfish_poisoning; gymnodinium_catenatum; bloom; alexandrium_catenella; expression; pyrodinium_bahamense; cyanobacterial; toxin_biosynthesis; toxicity; alexandrium_tamarense; biosynthesis; cyanobacteria,"harmful_algal_bloom may influence or regulate sxt_genes, supported by bridge concepts including saxitoxin, dinoflagellate, alexandrium, dinoflagellates, gymnodinium."
neosaxitoxin,TOXIN,warming,ENV_FACTOR,environment_toxin_association,,,0.3637564816239286,,167.25411264520673,21,5,saxitoxin; dinoflagellate; alexandrium; toxicity; salinity; temperature; toxin_production; alexandrium_fundyense; pyrodinium; gonyautoxin; gtx; bloom; light; nitrogen; pyrodinium_bahamense; nitrate; paralytic_shellfish_poisoning; dinoflagellates; nutrient; biosynthesis,"neosaxitoxin may be associated with variation in warming, supported by bridge concepts including saxitoxin, dinoflagellate, alexandrium, toxicity, salinity."
phosphate,ENV_FACTOR,sxtg,SXT_GENE,environment_gene_regulation,,,0.3634652911154686,,174.20530684989367,20,4,saxitoxin; dinoflagellate; alexandrium; paralytic_shellfish_toxins; biosynthesis; saxitoxin_biosynthesis; dinoflagellates; alexandrium_minutum; nutrient; toxin_production; alexandrium_fundyense; gonyautoxin; bloom; nitrogen; toxin_biosynthesis; paralytic_shellfish_poisoning; toxicity; gymnodinium; gymnodinium_catenatum; phosphorus,"phosphate may influence or regulate sxtg, supported by bridge concepts including saxitoxin, dinoflagellate, alexandrium, paralytic_shellfish_toxins, biosynthesis."
temperature,ENV_FACTOR,sxt_genes,SXT_GENE,environment_gene_regulation,,,0.3610083892932533,,186.74773502356203,19,5,saxitoxin; dinoflagellate; alexandrium; dinoflagellates; saxitoxin_biosynthesis; biosynthesis; gymnodinium; gymnodinium_catenatum; paralytic_shellfish_toxins; pyrodinium; paralytic_shellfish_poisoning; bloom; alexandrium_catenella; light; sxta; pyrodinium_bahamense; toxin_biosynthesis; toxicity; alexandrium_tamarense,"temperature may influence or regulate sxt_genes, supported by bridge concepts including saxitoxin, dinoflagellate, alexandrium, dinoflagellates, saxitoxin_biosynthesis."
sxtg,SXT_GENE,transcriptomic,BIOLOGICAL_PROCESS,gene_process_association,,,0.3586929886693951,,162.04556714071393,19,5,alexandrium; dinoflagellate; paralytic_shellfish_toxins; saxitoxin; paralytic_shellfish_poisoning; dinoflagellates; biosynthesis; cyanobacteria; toxin_production; transcriptome; alexandrium_fundyense; bloom; nitrogen; expression; gene_expression; evolution; toxicity; alexandrium_minutum; nutrient,"sxtg may be linked to the biological process transcriptomic, supported by bridge concepts including alexandrium, dinoflagellate, paralytic_shellfish_toxins, saxitoxin, paralytic_shellfish_poisoning."
gtx,TOXIN,transcriptomic,BIOLOGICAL_PROCESS,process_toxin_association,,,0.3575040818658941,,167.5972521853718,19,5,alexandrium; dinoflagellate; paralytic_shellfish_toxins; paralytic_shellfish_poisoning; light; saxitoxin; dinoflagellates; alexandrium_tamarense; biosynthesis; toxin_production; alexandrium_fundyense; bloom; alexandrium_catenella; nitrogen; toxicity; alexandrium_minutum; nutrient; cyanobacteria; nutrients,"gtx may be mechanistically associated with transcriptomic, supported by bridge concepts including alexandrium, dinoflagellate, paralytic_shellfish_toxins, paralytic_shellfish_poisoning, light."
dinoflagellate,DINO_TAXON,lyngbya,CYANO_TAXON,cross_taxa_association,,,0.3563369630887952,,167.66820860803037,20,7,dinoflagellates; cyanobacteria; paralytic_shellfish_toxins; anabaena; aphanizomenon; cyanobacterial; saxitoxin; hplc; pyrodinium; bloom; sxta; alexandrium; paralytic_shellfish_poisoning; cylindrospermopsis; toxicity; mass_spectrometry; cyanobacterium; biosynthesis; toxin_production; gymnodinium,"dinoflagellate and lyngbya may share STX-related biological context, supported by bridge concepts including dinoflagellates, cyanobacteria, paralytic_shellfish_toxins, anabaena, aphanizomenon."
salinity,ENV_FACTOR,sxtg,SXT_GENE,environment_gene_regulation,,,0.3545334974291656,,176.44914533491,20,5,saxitoxin; dinoflagellate; alexandrium; paralytic_shellfish_toxins; dinoflagellates; paralytic_shellfish_poisoning; alexandrium_minutum; nutrient; toxin_production; pyrodinium; gonyautoxin; bloom; nitrogen; pyrodinium_bahamense; toxin_biosynthesis; toxicity; biosynthesis; cyanobacteria; gymnodinium; gymnodinium_catenatum,"salinity may influence or regulate sxtg, supported by bridge concepts including saxitoxin, dinoflagellate, alexandrium, paralytic_shellfish_toxins, dinoflagellates."
anabaena,CYANO_TAXON,sxtu,SXT_GENE,cyano_gene_transfer_signal,,,0.353831526483121,,143.71293089326562,19,6,saxitoxin; cyanobacteria; paralytic_shellfish_toxins; saxitoxin_biosynthesis; lc_ms; sxta; expression; lc_ms_ms; cyanobacterial; dinoflagellate; paralytic_shellfish_poisoning; cylindrospermopsis; dinoflagellates; mass_spectrometry; cyanobacterium; phylogenetic; biosynthesis; gymnodinium; gymnodinium_catenatum,"anabaena may provide cross-taxa context for sxtu, suggesting possible evolutionary or biosynthetic linkage supported by saxitoxin, cyanobacteria, paralytic_shellfish_toxins, saxitoxin_biosynthesis, lc_ms."
cylindrospermopsis,CYANO_TAXON,sxt_genes,SXT_GENE,cyano_gene_transfer_signal,,,0.3529119176367858,,163.39831586745595,18,6,saxitoxin; dinoflagellates; cyanobacteria; sxta; cyanobacterial; paralytic_shellfish_toxins; paralytic_shellfish_poisoning; phylogenetic; biosynthesis; pyrodinium; dinoflagellate; alexandrium; toxicity; gymnodinium; saxitoxin_biosynthesis; bloom; sxtu; expression,"cylindrospermopsis may provide cross-taxa context for sxt_genes, suggesting possible evolutionary or biosynthetic linkage supported by saxitoxin, dinoflagellates, cyanobacteria, sxta, cyanobacterial."
nutrients,ENV_FACTOR,sxt_genes,SXT_GENE,environment_gene_regulation,,,0.3499498948875482,,166.62469894304638,18,4,saxitoxin; dinoflagellate; alexandrium; gymnodinium; dinoflagellates; paralytic_shellfish_toxins; pyrodinium; paralytic_shellfish_poisoning; gymnodinium_catenatum; phylogenetic; transcriptome; alexandrium_tamarense; toxicity; bloom; alexandrium_catenella; light; expression; pyrodinium_bahamense,"nutrients may influence or regulate sxt_genes, supported by bridge concepts including saxitoxin, dinoflagellate, alexandrium, gymnodinium, dinoflagellates."
neosaxitoxin,TOXIN,transcriptomic,BIOLOGICAL_PROCESS,process_toxin_association,,,0.349766553766963,,162.006674026353,18,5,alexandrium; dinoflagellate; paralytic_shellfish_toxins; paralytic_shellfish_poisoning; saxitoxin; cyanobacteria; alexandrium_tamarense; toxin_production; light; dinoflagellates; alexandrium_fundyense; toxicity; bloom; alexandrium_catenella; alexandrium_minutum; nitrogen; nutrient; biosynthesis,"neosaxitoxin may be mechanistically associated with transcriptomic, supported by bridge concepts including alexandrium, dinoflagellate, paralytic_shellfish_toxins, paralytic_shellfish_poisoning, saxitoxin."
alexandrium_ostenfeldii,DINO_TAXON,cyanobacterium,CYANO_TAXON,cross_taxa_association,,,0.3483975590739431,,182.97112680026936,17,6,saxitoxin; paralytic_shellfish_poisoning; alexandrium; dinoflagellate; dinoflagellates; paralytic_shellfish_toxins; mass_spectrometry; hplc; toxin_production; mouse_bioassay; cyanobacterial; toxicity; bloom; gymnodinium; lc_ms; alexandrium_minutum; phylogenetic,"alexandrium_ostenfeldii and cyanobacterium may share STX-related biological context, supported by bridge concepts including saxitoxin, paralytic_shellfish_poisoning, alexandrium, dinoflagellate, dinoflagellates."
nitrate,ENV_FACTOR,sxtg,SXT_GENE,environment_gene_regulation,,,0.347873847220757,,180.6011332273442,20,5,saxitoxin; dinoflagellate; dinoflagellates; alexandrium; paralytic_shellfish_toxins; paralytic_shellfish_poisoning; alexandrium_minutum; nutrient; toxin_production; alexandrium_fundyense; pyrodinium; gonyautoxin; bloom; nitrogen; pyrodinium_bahamense; toxicity; cyanobacteria; gymnodinium; gymnodinium_catenatum; phosphorus,"nitrate may influence or regulate sxtg, supported by bridge concepts including saxitoxin, dinoflagellate, dinoflagellates, alexandrium, paralytic_shellfish_toxins."
alexandrium_fundyense,DINO_TAXON,aphanizomenon,CYANO_TAXON,cross_taxa_association,,,0.3424379157617557,,179.02251675720444,18,7,saxitoxin; paralytic_shellfish_toxins; dinoflagellate; paralytic_shellfish_poisoning; alexandrium; dinoflagellates; cyanobacteria; biosynthesis; cyanobacterial; toxicity; evolution; gymnodinium; bloom; horizontal_gene_transfer; toxin_biosynthesis; hplc; sxta; phylogenetic,"alexandrium_fundyense and aphanizomenon may share STX-related biological context, supported by bridge concepts including saxitoxin, paralytic_shellfish_toxins, dinoflagellate, paralytic_shellfish_poisoning, alexandrium."
pyrodinium_bahamense,DINO_TAXON,cylindrospermopsis,CYANO_TAXON,cross_taxa_association,,,0.3410361625043258,,180.84020702569453,19,7,paralytic_shellfish_poisoning; dinoflagellates; paralytic_shellfish_toxins; saxitoxin; toxicity; sxta; cyanobacterial; biosynthesis; pyrodinium; saxitoxin_biosynthesis; bloom; lc_ms; dinoflagellate; alexandrium; mass_spectrometry; phylogenetic; cyanobacteria; gymnodinium; hplc,"pyrodinium_bahamense and cylindrospermopsis may share STX-related biological context, supported by bridge concepts including paralytic_shellfish_poisoning, dinoflagellates, paralytic_shellfish_toxins, saxitoxin, toxicity."
alexandrium_ostenfeldii,DINO_TAXON,anabaena,CYANO_TAXON,cross_taxa_association,,,0.3391864205925074,,178.85386449717652,17,6,saxitoxin; alexandrium; dinoflagellate; dinoflagellates; paralytic_shellfish_toxins; paralytic_shellfish_poisoning; hplc; bloom; cyanobacterial; gonyautoxin; toxicity; mass_spectrometry; gymnodinium; lc_ms; alexandrium_minutum; phylogeny; phylogenetic,"alexandrium_ostenfeldii and anabaena may share STX-related biological context, supported by bridge concepts including saxitoxin, alexandrium, dinoflagellate, dinoflagellates, paralytic_shellfish_toxins."
gonyautoxin,TOXIN,resting_cyst,BIOLOGICAL_PROCESS,process_toxin_association,,,0.3367362342298172,,134.08543637839438,16,5,dinoflagellate; saxitoxin; paralytic_shellfish_toxins; alexandrium; toxicity; bloom; mouse_bioassay; alexandrium_ostenfeldii; alexandrium_tamarense; gtx; gymnodinium; paralytic_shellfish_poisoning; hplc; gymnodinium_catenatum; phylogeny; biosynthesis,"gonyautoxin may be mechanistically associated with resting_cyst, supported by bridge concepts including dinoflagellate, saxitoxin, paralytic_shellfish_toxins, alexandrium, toxicity."
neosaxitoxin,TOXIN,resting_cyst,BIOLOGICAL_PROCESS,process_toxin_association,,,0.3304077872660483,,127.41420732289724,15,5,dinoflagellate; saxitoxin; paralytic_shellfish_toxins; alexandrium; toxicity; mouse_bioassay; alexandrium_tamarense; gtx; bloom; gymnodinium; paralytic_shellfish_poisoning; hplc; gymnodinium_catenatum; phylogeny; biosynthesis,"neosaxitoxin may be mechanistically associated with resting_cyst, supported by bridge concepts including dinoflagellate, saxitoxin, paralytic_shellfish_toxins, alexandrium, toxicity."
alexandrium_fundyense,DINO_TAXON,cylindrospermopsis,CYANO_TAXON,cross_taxa_association,,,0.3302619816713587,,175.0581631799126,17,7,dinoflagellates; paralytic_shellfish_poisoning; saxitoxin; paralytic_shellfish_toxins; toxicity; sxta; cyanobacteria; expression; phylogenetic; biosynthesis; cyanobacterial; dinoflagellate; alexandrium; gymnodinium; saxitoxin_biosynthesis; bloom; hplc,"alexandrium_fundyense and cylindrospermopsis may share STX-related biological context, supported by bridge concepts including dinoflagellates, paralytic_shellfish_poisoning, saxitoxin, paralytic_shellfish_toxins, toxicity."
gtx,TOXIN,environmental_stress,ENV_FACTOR,environment_toxin_association,,,0.3288508333389343,,105.578331603907,14,5,saxitoxin; gonyautoxin; dinoflagellate; salinity; toxicity; alexandrium; alexandrium_tamarense; toxin_production; neosaxitoxin; nitrate; light; paralytic_shellfish_poisoning; hplc; nitrogen,"gtx may be associated with variation in environmental_stress, supported by bridge concepts including saxitoxin, gonyautoxin, dinoflagellate, salinity, toxicity."
